tweet_id,user_id,text,persona,selected,pool_position,original_index,author_gender,author_ideology,author_partisanship,author_race,author_income,author_education,author_marital_status,author_religiosity,author_age,user_followers_count,user_friends_count,user_statuses_count,user_verified,text_length,word_count,avg_word_length,has_url,has_hashtag,has_mention,has_emoji,sentiment_polarity,sentiment_subjectivity,is_reply,is_retweet,is_quote,engagement_score,user_account_age_days
1001,501,Just finished reading an amazing book about climate change! ðŸ“š Really eye-opening stuff. #ClimateAction,"female, 34 years old, college education, democrat, ideology: liberal",0,0,0,female,liberal,democrat,white,medium,college,married,not_religious,34,1250,580,3420,0,102,14,6.357142857142857,0,1,0,1,0.0,0.0,0,,0,3.8712010109078907,2840
1002,501,Coffee tastes better in the morning â˜•,"female, 34 years old, college education, democrat, ideology: liberal",0,1,1,female,liberal,democrat,white,medium,college,married,not_religious,34,1250,580,3420,0,37,7,4.428571428571429,0,0,0,0,0.0,0.0,0,,0,4.7535901911063645,2840
1003,502,New study shows renewable energy adoption increasing https://example.com/study,"male, 45 years old, graduate education, democrat, ideology: very_liberal",0,2,2,male,very_liberal,democrat,asian,high,graduate,married,somewhat_religious,45,3420,1200,8930,1,78,8,8.875,1,0,0,0,0.0,0.0,0,,0,5.575949103146316,3441
1004,502,@user123 I completely agree with your point about healthcare reform,"male, 45 years old, graduate education, democrat, ideology: very_liberal",0,3,3,male,very_liberal,democrat,asian,high,graduate,married,somewhat_religious,45,3420,1200,8930,1,67,10,5.8,0,0,1,0,0.0,0.0,1,,0,3.044522437723423,3441
1005,503,The economy is doing great! Unemployment at historic lows. #MAGA,"male, 29 years old, college education, republican, ideology: conservative",0,4,4,male,conservative,republican,white,medium,college,single,very_religious,29,890,420,2100,0,64,10,5.5,0,1,0,0,0.0,0.0,0,,0,4.727387818712341,2539
1006,503,Why does everyone keep talking about politics? Can we just enjoy life?,"male, 29 years old, college education, republican, ideology: conservative",0,5,5,male,conservative,republican,white,medium,college,single,very_religious,29,890,420,2100,0,70,12,4.916666666666667,0,0,0,0,0.0,0.0,0,,0,3.9512437185814275,2539
1007,504,RT @scientist: Our latest research on biodiversity loss is now published,"female, 52 years old, graduate education, independent, ideology: moderate",0,6,6,female,moderate,independent,white,high,graduate,divorced,not_religious,52,5670,2300,12450,1,72,11,5.636363636363637,0,0,1,0,0.0,0.0,0,,0,5.4116460518550396,3912
1008,504,Beautiful sunset today ðŸŒ…,"female, 52 years old, graduate education, independent, ideology: moderate",0,7,7,female,moderate,independent,white,high,graduate,divorced,not_religious,52,5670,2300,12450,1,24,4,5.25,0,0,0,1,0.0,0.0,0,,0,5.634789603169249,3912
1009,505,"We need universal healthcare NOW. It's a human right, not a privilege!","female, 28 years old, college education, democrat, ideology: liberal",0,8,8,female,liberal,democrat,hispanic,low,college,single,not_religious,28,2340,890,4560,0,70,12,4.916666666666667,0,0,0,0,0.0,0.0,0,,0,4.624972813284271,2972
1010,505,Just watched the debate. Both sides made some good points actually.,"female, 28 years old, college education, democrat, ideology: liberal",0,9,9,female,liberal,democrat,hispanic,low,college,single,not_religious,28,2340,890,4560,0,67,11,5.181818181818182,0,0,0,0,0.0,0.0,0,,0,3.4657359027997265,2972
1011,506,Tax cuts are the solution to economic growth. Simple economics! ðŸ’°,"male, 38 years old, high_school education, republican, ideology: very_conservative",0,10,10,male,very_conservative,republican,white,medium,high_school,married,very_religious,38,4560,1890,6780,0,65,11,5.0,0,0,0,1,0.0,0.0,0,,0,4.787491742782046,3595
1012,506,@politician Your policy is absolutely ridiculous and will destroy our country!,"male, 38 years old, high_school education, republican, ideology: very_conservative",0,11,11,male,very_conservative,republican,white,medium,high_school,married,very_religious,38,4560,1890,6780,0,78,11,6.181818181818182,0,0,1,0,0.0,0.0,1,,0,5.308267697401205,3595
1013,507,Started meditating daily. Feeling much more centered and peaceful ðŸ§˜,"female, 41 years old, graduate education, democrat, ideology: moderate",0,12,12,female,moderate,democrat,black,medium,graduate,married,somewhat_religious,41,1890,670,3210,0,67,10,5.8,0,0,0,0,0.0,0.0,0,,0,4.51085950651685,2644
1014,507,Education should be free for everyone. Knowledge is power! #Education,"female, 41 years old, graduate education, democrat, ideology: moderate",0,13,13,female,moderate,democrat,black,medium,graduate,married,somewhat_religious,41,1890,670,3210,0,69,10,6.0,0,1,0,0,0.0,0.0,0,,0,5.062595033026967,2644
1015,508,The mainstream media is lying to you. Do your own research! #WakeUp,"male, 25 years old, high_school education, independent, ideology: conservative",0,14,14,male,conservative,independent,white,low,high_school,single,not_religious,25,780,340,1560,0,67,12,4.666666666666667,0,1,0,0,0.0,0.0,0,,0,5.680172609017068,2049
1016,508,Amazing concert last night! Best show I've ever seen ðŸŽ¸,"male, 25 years old, high_school education, independent, ideology: conservative",0,15,15,male,conservative,independent,white,low,high_school,single,not_religious,25,780,340,1560,0,54,10,4.5,0,0,0,1,0.0,0.0,0,,0,5.25227342804663,2049
1017,509,Climate change is the defining issue of our generation. We must act now!,"female, 31 years old, college education, democrat, ideology: very_liberal",0,16,16,female,very_liberal,democrat,white,medium,college,single,not_religious,31,3210,1450,5890,0,72,13,4.615384615384615,0,0,0,0,0.0,0.0,0,,0,5.5909869805108565,3116
1018,509,Trying out this new recipe for vegan tacos tonight ðŸŒ®,"female, 31 years old, college education, democrat, ideology: very_liberal",0,17,17,female,very_liberal,democrat,white,medium,college,single,not_religious,31,3210,1450,5890,0,52,10,4.3,0,0,0,1,0.0,0.0,0,,0,4.418840607796598,3116
1019,510,God bless America! ðŸ‡ºðŸ‡¸ So grateful to live in this great country.,"male, 55 years old, college education, republican, ideology: conservative",0,18,18,male,conservative,republican,white,high,college,married,very_religious,55,6780,3400,15670,1,64,12,4.416666666666667,0,0,0,1,0.0,0.0,0,,0,5.71042701737487,4133
1020,510,Anyone else think pineapple on pizza is actually good?,"male, 55 years old, college education, republican, ideology: conservative",0,19,19,male,conservative,republican,white,high,college,married,very_religious,55,6780,3400,15670,1,54,9,5.111111111111111,0,0,0,0,0.0,0.0,0,,0,6.150602768446279,4133
