provider,provider_display,dataset,dataset_display,prompt_style,prompt_display,directional_bias
anthropic,Anthropic Claude Sonnet 4.5,bluesky,Bluesky,controversial,Controversial,0.0025771666478679
anthropic,Anthropic Claude Sonnet 4.5,reddit,Reddit,controversial,Controversial,-0.0904777858912365
anthropic,Anthropic Claude Sonnet 4.5,twitter,Twitter/X,controversial,Controversial,-0.007534751989012
gemini,Google Gemini 2.0 Flash,bluesky,Bluesky,controversial,Controversial,0.0367090393257061
gemini,Google Gemini 2.0 Flash,reddit,Reddit,controversial,Controversial,-0.0248837334205324
gemini,Google Gemini 2.0 Flash,twitter,Twitter/X,controversial,Controversial,0.087720409626218
openai,OpenAI GPT-4o-mini,bluesky,Bluesky,controversial,Controversial,0.0108034758423907
openai,OpenAI GPT-4o-mini,reddit,Reddit,controversial,Controversial,-0.0137594095610353
openai,OpenAI GPT-4o-mini,twitter,Twitter/X,controversial,Controversial,0.0551192376950445
anthropic,Anthropic Claude Sonnet 4.5,bluesky,Bluesky,engaging,Engaging,0.0876739281099967
anthropic,Anthropic Claude Sonnet 4.5,reddit,Reddit,engaging,Engaging,0.1373846443318866
anthropic,Anthropic Claude Sonnet 4.5,twitter,Twitter/X,engaging,Engaging,0.187527491987513
gemini,Google Gemini 2.0 Flash,bluesky,Bluesky,engaging,Engaging,0.0750120362048144
gemini,Google Gemini 2.0 Flash,reddit,Reddit,engaging,Engaging,0.1338258265628641
gemini,Google Gemini 2.0 Flash,twitter,Twitter/X,engaging,Engaging,0.1496709619400405
openai,OpenAI GPT-4o-mini,bluesky,Bluesky,engaging,Engaging,0.014174516486997
openai,OpenAI GPT-4o-mini,reddit,Reddit,engaging,Engaging,0.0259162749192328
openai,OpenAI GPT-4o-mini,twitter,Twitter/X,engaging,Engaging,0.0438436674526763
anthropic,Anthropic Claude Sonnet 4.5,bluesky,Bluesky,general,General,-0.0253771222097234
anthropic,Anthropic Claude Sonnet 4.5,reddit,Reddit,general,General,-0.105441711653437
anthropic,Anthropic Claude Sonnet 4.5,twitter,Twitter/X,general,General,-0.0746915577774547
gemini,Google Gemini 2.0 Flash,bluesky,Bluesky,general,General,-0.0219706192016068
gemini,Google Gemini 2.0 Flash,reddit,Reddit,general,General,-0.0756782715837452
gemini,Google Gemini 2.0 Flash,twitter,Twitter/X,general,General,-0.0702444558978139
openai,OpenAI GPT-4o-mini,bluesky,Bluesky,general,General,-0.0165091516851486
openai,OpenAI GPT-4o-mini,reddit,Reddit,general,General,-0.0225504417403717
openai,OpenAI GPT-4o-mini,twitter,Twitter/X,general,General,-0.0231860932177191
anthropic,Anthropic Claude Sonnet 4.5,bluesky,Bluesky,informative,Informative,-0.0724082705322507
anthropic,Anthropic Claude Sonnet 4.5,reddit,Reddit,informative,Informative,-0.1485196990118667
anthropic,Anthropic Claude Sonnet 4.5,twitter,Twitter/X,informative,Informative,-0.0889727838044857
gemini,Google Gemini 2.0 Flash,bluesky,Bluesky,informative,Informative,-0.0720256606246127
gemini,Google Gemini 2.0 Flash,reddit,Reddit,informative,Informative,-0.1472583936825186
gemini,Google Gemini 2.0 Flash,twitter,Twitter/X,informative,Informative,-0.0849210307768463
openai,OpenAI GPT-4o-mini,bluesky,Bluesky,informative,Informative,-0.049688754044001
openai,OpenAI GPT-4o-mini,reddit,Reddit,informative,Informative,-0.0745008122977192
openai,OpenAI GPT-4o-mini,twitter,Twitter/X,informative,Informative,-0.042293605279642
anthropic,Anthropic Claude Sonnet 4.5,bluesky,Bluesky,neutral,Neutral,-0.0310739384178699
anthropic,Anthropic Claude Sonnet 4.5,reddit,Reddit,neutral,Neutral,-0.0936842468847114
anthropic,Anthropic Claude Sonnet 4.5,twitter,Twitter/X,neutral,Neutral,-0.0493879467639965
gemini,Google Gemini 2.0 Flash,bluesky,Bluesky,neutral,Neutral,0.0074069600894748
gemini,Google Gemini 2.0 Flash,reddit,Reddit,neutral,Neutral,0.0060044097429321
gemini,Google Gemini 2.0 Flash,twitter,Twitter/X,neutral,Neutral,0.1381133143297069
openai,OpenAI GPT-4o-mini,bluesky,Bluesky,neutral,Neutral,0.0053643692693116
openai,OpenAI GPT-4o-mini,reddit,Reddit,neutral,Neutral,0.0257097117440555
openai,OpenAI GPT-4o-mini,twitter,Twitter/X,neutral,Neutral,0.0708090775021403
anthropic,Anthropic Claude Sonnet 4.5,bluesky,Bluesky,popular,Popular,0.0615457613539043
anthropic,Anthropic Claude Sonnet 4.5,reddit,Reddit,popular,Popular,0.0730989145495387
anthropic,Anthropic Claude Sonnet 4.5,twitter,Twitter/X,popular,Popular,-0.0118597552825362
gemini,Google Gemini 2.0 Flash,bluesky,Bluesky,popular,Popular,0.0469914891317778
gemini,Google Gemini 2.0 Flash,reddit,Reddit,popular,Popular,0.1157242331593143
gemini,Google Gemini 2.0 Flash,twitter,Twitter/X,popular,Popular,0.009680519233913
openai,OpenAI GPT-4o-mini,bluesky,Bluesky,popular,Popular,0.0086187573575556
openai,OpenAI GPT-4o-mini,reddit,Reddit,popular,Popular,0.0136073198731561
openai,OpenAI GPT-4o-mini,twitter,Twitter/X,popular,Popular,0.0075259763288518
