feature,dataset,provider,prompt_style,bias,p_value,metric,significant
author_gender,twitter,openai,general,0.013098789267275505,0.42405530270715064,Cramér's V,False
author_political_leaning,twitter,openai,general,0.05275806202416433,3.921937594298154e-05,Cramér's V,True
author_is_minority,twitter,openai,general,0.027655298163969024,0.023901134519440446,Cramér's V,True
text_length,twitter,openai,general,0.40254928760889797,9.904627302043657e-27,Cohen's d,True
avg_word_length,twitter,openai,general,0.07013284845900832,0.020727409383716013,Cohen's d,True
sentiment_polarity,twitter,openai,general,0.06373338400576639,0.0825278570820532,Cohen's d,False
sentiment_subjectivity,twitter,openai,general,-0.04644773034402638,0.11340705565710359,Cohen's d,False
has_emoji,twitter,openai,general,0.009390781150879412,0.34769063959249136,Cramér's V,False
has_hashtag,twitter,openai,general,0.010603681521115677,0.28897714515647244,Cramér's V,False
has_mention,twitter,openai,general,0.0,1.0,Cramér's V,False
has_url,twitter,openai,general,0.04408416632913576,1.0412908735173295e-05,Cramér's V,True
polarization_score,twitter,openai,general,0.2973807547176525,4.099001984586334e-13,Cohen's d,True
controversy_level,twitter,openai,general,0.05387393148967039,4.983304275707232e-07,Cramér's V,True
primary_topic,twitter,openai,general,0.0946198183549995,5.795219929224601e-16,Cramér's V,True
toxicity,twitter,openai,general,-0.08621034837402063,0.00433062679562593,Cohen's d,True
severe_toxicity,twitter,openai,general,-0.06350805384862972,0.010247298650705937,Cohen's d,True
author_gender,twitter,openai,popular,0.021870574204612966,0.0914822714427652,Cramér's V,False
author_political_leaning,twitter,openai,popular,0.02728367827485541,0.18965795547725484,Cramér's V,False
author_is_minority,twitter,openai,popular,0.03362518638724182,0.004006453972360156,Cramér's V,True
text_length,twitter,openai,popular,0.15944470144000414,3.3443841906079005e-06,Cohen's d,True
avg_word_length,twitter,openai,popular,-0.0235920538598804,0.4888081632802844,Cohen's d,False
sentiment_polarity,twitter,openai,popular,0.10482568941029563,0.004329547019482539,Cohen's d,True
sentiment_subjectivity,twitter,openai,popular,0.011796866439684006,0.6989915302702991,Cohen's d,False
has_emoji,twitter,openai,popular,0.050279807412000214,4.956716429519294e-07,Cramér's V,True
has_hashtag,twitter,openai,popular,0.008524528281681232,0.3939628098951913,Cramér's V,False
has_mention,twitter,openai,popular,0.0,1.0,Cramér's V,False
has_url,twitter,openai,popular,0.021848731557861146,0.028898148264818214,Cramér's V,True
polarization_score,twitter,openai,popular,0.16066306311501585,7.399469015813357e-06,Cohen's d,True
controversy_level,twitter,openai,popular,0.04160676022220431,0.00017414670515013216,Cramér's V,True
primary_topic,twitter,openai,popular,0.07707345175457146,6.102484766731656e-10,Cramér's V,True
toxicity,twitter,openai,popular,0.027974654848766423,0.4117987374687466,Cohen's d,False
severe_toxicity,twitter,openai,popular,-0.012653089460054745,0.6678265495903528,Cohen's d,False
author_gender,twitter,openai,engaging,0.013975438815216082,0.3766027161882781,Cramér's V,False
author_political_leaning,twitter,openai,engaging,0.05349829975158198,2.751818423717316e-05,Cramér's V,True
author_is_minority,twitter,openai,engaging,0.020496576464496128,0.12860941022132122,Cramér's V,False
text_length,twitter,openai,engaging,0.3873695330995949,1.3913257297349708e-25,Cohen's d,True
avg_word_length,twitter,openai,engaging,0.045974709515173955,0.11975778992547674,Cohen's d,False
sentiment_polarity,twitter,openai,engaging,-0.07575086004877736,0.04751065758967094,Cohen's d,True
sentiment_subjectivity,twitter,openai,engaging,-0.030701058504921008,0.27719970077099754,Cohen's d,False
has_emoji,twitter,openai,engaging,0.017020790835968948,0.08874054430671362,Cramér's V,False
has_hashtag,twitter,openai,engaging,0.014761987999984566,0.13989053160101586,Cramér's V,False
has_mention,twitter,openai,engaging,0.0,1.0,Cramér's V,False
has_url,twitter,openai,engaging,0.027649279759063217,0.00569353654081775,Cramér's V,True
polarization_score,twitter,openai,engaging,0.3867415972049667,3.4206452412782803e-19,Cohen's d,True
controversy_level,twitter,openai,engaging,0.06278350870714965,2.757766213343566e-09,Cramér's V,True
primary_topic,twitter,openai,engaging,0.11809093855426815,3.080852286374424e-26,Cramér's V,True
toxicity,twitter,openai,engaging,0.16315981798420828,1.0551837711957498e-05,Cohen's d,True
severe_toxicity,twitter,openai,engaging,0.017853055471866292,0.5766191705501336,Cohen's d,False
author_gender,twitter,openai,informative,0.029313874722723503,0.013615910827112972,Cramér's V,True
author_political_leaning,twitter,openai,informative,0.09479244662847801,7.203732943658279e-18,Cramér's V,True
author_is_minority,twitter,openai,informative,0.014255288510371415,0.37080198611447845,Cramér's V,False
text_length,twitter,openai,informative,1.019191222919756,1.2375823023608037e-105,Cohen's d,True
avg_word_length,twitter,openai,informative,0.2237332648173875,1.7289635149652902e-18,Cohen's d,True
sentiment_polarity,twitter,openai,informative,-0.04293603089471144,0.2532923945624061,Cohen's d,False
sentiment_subjectivity,twitter,openai,informative,-0.1531894263391715,1.4291837107062102e-09,Cohen's d,True
has_emoji,twitter,openai,informative,0.05025779838708322,5.013908426270452e-07,Cramér's V,True
has_hashtag,twitter,openai,informative,0.019047016218860416,0.05681886806290723,Cramér's V,False
has_mention,twitter,openai,informative,0.0,1.0,Cramér's V,False
has_url,twitter,openai,informative,0.08793312681120391,1.4521361296710733e-18,Cramér's V,True
polarization_score,twitter,openai,informative,0.491624678855569,5.364566866209943e-25,Cohen's d,True
controversy_level,twitter,openai,informative,0.09790224889534532,1.5373117267348839e-21,Cramér's V,True
primary_topic,twitter,openai,informative,0.14108595345330763,1.0118675181293196e-38,Cramér's V,True
toxicity,twitter,openai,informative,-0.15737800763388177,7.188360597954567e-09,Cohen's d,True
severe_toxicity,twitter,openai,informative,-0.09650358291601997,6.594687211134653e-07,Cohen's d,True
author_gender,twitter,openai,controversial,0.034178886353526276,0.002905989398924716,Cramér's V,True
author_political_leaning,twitter,openai,controversial,0.11045127524060648,1.1861047023781758e-24,Cramér's V,True
author_is_minority,twitter,openai,controversial,0.007161624334297389,0.7784953741874064,Cramér's V,False
text_length,twitter,openai,controversial,1.0157834946391264,1.873463426889452e-110,Cohen's d,True
avg_word_length,twitter,openai,controversial,0.17365211131071395,2.2104389383909376e-13,Cohen's d,True
sentiment_polarity,twitter,openai,controversial,-0.3566044870300638,2.0575419867784033e-19,Cohen's d,True
sentiment_subjectivity,twitter,openai,controversial,-0.07683255429666346,0.0021550109613580975,Cohen's d,True
has_emoji,twitter,openai,controversial,0.059279306014926314,3.0677608738344083e-09,Cramér's V,True
has_hashtag,twitter,openai,controversial,0.0018712379154909964,0.8515635746611089,Cramér's V,False
has_mention,twitter,openai,controversial,0.0,1.0,Cramér's V,False
has_url,twitter,openai,controversial,0.03828361812793369,0.00012899902567989032,Cramér's V,True
polarization_score,twitter,openai,controversial,0.915048409987246,6.594857201853146e-56,Cohen's d,True
controversy_level,twitter,openai,controversial,0.19753637626563214,1.8526798596543405e-85,Cramér's V,True
primary_topic,twitter,openai,controversial,0.19520817222068107,2.098816591530137e-77,Cramér's V,True
toxicity,twitter,openai,controversial,0.20526354250624657,4.452271082357365e-08,Cohen's d,True
severe_toxicity,twitter,openai,controversial,0.03404119075218461,0.3386843862608315,Cohen's d,False
author_gender,twitter,openai,neutral,0.021173388110556867,0.10629236508885394,Cramér's V,False
author_political_leaning,twitter,openai,neutral,0.08928552088188954,9.607942121138477e-16,Cramér's V,True
author_is_minority,twitter,openai,neutral,0.022823531496543616,0.07862228101445075,Cramér's V,False
text_length,twitter,openai,neutral,0.9840679858677588,7.991770257514043e-108,Cohen's d,True
avg_word_length,twitter,openai,neutral,0.17601809836028096,2.327590963172104e-13,Cohen's d,True
sentiment_polarity,twitter,openai,neutral,-0.40743069519640146,4.7524119892629323e-23,Cohen's d,True
sentiment_subjectivity,twitter,openai,neutral,-0.04577480664059066,0.06005633032494853,Cohen's d,False
has_emoji,twitter,openai,neutral,0.03862296649904973,0.00011232605326118405,Cramér's V,True
has_hashtag,twitter,openai,neutral,0.012743390102452724,0.2025432969197078,Cramér's V,False
has_mention,twitter,openai,neutral,0.0,1.0,Cramér's V,False
has_url,twitter,openai,neutral,0.033598081560978314,0.0007799661305184856,Cramér's V,True
polarization_score,twitter,openai,neutral,0.8813078142987487,3.340152523572822e-54,Cohen's d,True
controversy_level,twitter,openai,neutral,0.17520123548954925,2.216294473651998e-67,Cramér's V,True
primary_topic,twitter,openai,neutral,0.2163602788212816,4.840995539969708e-96,Cramér's V,True
toxicity,twitter,openai,neutral,0.2640174346032476,1.1116056807318787e-11,Cohen's d,True
severe_toxicity,twitter,openai,neutral,0.08541138070479021,0.031850787526798464,Cohen's d,True
author_gender,twitter,anthropic,general,0.07459293072118559,8.273682061155493e-13,Cramér's V,True
author_political_leaning,twitter,anthropic,general,0.1480533432699005,2.2068820277917616e-45,Cramér's V,True
author_is_minority,twitter,anthropic,general,0.02133112084498296,0.10845807242265473,Cramér's V,False
text_length,twitter,anthropic,general,0.872626475626361,1.1225886355691339e-110,Cohen's d,True
avg_word_length,twitter,anthropic,general,0.15319086218284889,4.790616182321784e-14,Cohen's d,True
sentiment_polarity,twitter,anthropic,general,0.15728319099889906,2.5717111596110795e-05,Cohen's d,True
sentiment_subjectivity,twitter,anthropic,general,-0.22349209059646924,2.089003329954519e-23,Cohen's d,True
has_emoji,twitter,anthropic,general,0.04525128239010095,6.035889494298471e-06,Cramér's V,True
has_hashtag,twitter,anthropic,general,0.02743819879773343,0.006072884924346004,Cramér's V,True
has_mention,twitter,anthropic,general,0.0,1.0,Cramér's V,False
has_url,twitter,anthropic,general,0.019347739980010988,0.05301803521780713,Cramér's V,False
polarization_score,twitter,anthropic,general,0.06952576396393265,0.04898757980486026,Cohen's d,True
controversy_level,twitter,anthropic,general,0.02413066074262279,0.05439712698025852,Cramér's V,False
primary_topic,twitter,anthropic,general,0.1759825599523578,3.5466445962570452e-62,Cramér's V,True
toxicity,twitter,anthropic,general,-0.27859025436280227,1.6089992491264898e-35,Cohen's d,True
severe_toxicity,twitter,anthropic,general,-0.1470952741574725,7.952600281473652e-34,Cohen's d,True
author_gender,twitter,anthropic,popular,0.0410971969453035,0.00021499452746637788,Cramér's V,True
author_political_leaning,twitter,anthropic,popular,0.0873161050449856,5.123285250278526e-15,Cramér's V,True
author_is_minority,twitter,anthropic,popular,0.021532265026310036,0.10398767980921805,Cramér's V,False
text_length,twitter,anthropic,popular,0.07366183787958998,0.01476186164657318,Cohen's d,True
avg_word_length,twitter,anthropic,popular,0.022704940194394743,0.40857660856509703,Cohen's d,False
sentiment_polarity,twitter,anthropic,popular,0.1516893728604789,2.032939150523475e-05,Cohen's d,True
sentiment_subjectivity,twitter,anthropic,popular,-0.041118759367678975,0.15105953373581804,Cohen's d,False
has_emoji,twitter,anthropic,popular,0.08272857612083645,1.3078585658506106e-16,Cramér's V,True
has_hashtag,twitter,anthropic,popular,0.0,1.0,Cramér's V,False
has_mention,twitter,anthropic,popular,0.0,1.0,Cramér's V,False
has_url,twitter,anthropic,popular,0.029269141312701162,0.003423433863987712,Cramér's V,True
polarization_score,twitter,anthropic,popular,-0.08793189199625712,0.00273956332820935,Cohen's d,True
controversy_level,twitter,anthropic,popular,0.01755999559497914,0.21400257603662073,Cramér's V,False
primary_topic,twitter,anthropic,popular,0.12444427136329148,1.893653664195768e-29,Cramér's V,True
toxicity,twitter,anthropic,popular,-0.044085957147588714,0.16775654695076084,Cohen's d,False
severe_toxicity,twitter,anthropic,popular,0.011302006436737972,0.7435356762938345,Cohen's d,False
author_gender,twitter,anthropic,engaging,0.012640252744330263,0.4498325182313233,Cramér's V,False
author_political_leaning,twitter,anthropic,engaging,0.1127152283499008,1.0069917754933265e-25,Cramér's V,True
author_is_minority,twitter,anthropic,engaging,0.011577454765795714,0.5197689598479308,Cramér's V,False
text_length,twitter,anthropic,engaging,0.9032896752238244,8.708462446049112e-108,Cohen's d,True
avg_word_length,twitter,anthropic,engaging,0.1829106825879622,1.830664408305603e-20,Cohen's d,True
sentiment_polarity,twitter,anthropic,engaging,-0.4911499638528354,2.9813233890246284e-31,Cohen's d,True
sentiment_subjectivity,twitter,anthropic,engaging,-0.04156597122800492,0.07690040109072493,Cohen's d,False
has_emoji,twitter,anthropic,engaging,0.007741465414412914,0.438844137341867,Cramér's V,False
has_hashtag,twitter,anthropic,engaging,0.004994519274256698,0.6174610450147399,Cramér's V,False
has_mention,twitter,anthropic,engaging,0.0071587674594486075,0.47406745836782316,Cramér's V,False
has_url,twitter,anthropic,engaging,0.020515616257195526,0.04021228479600162,Cramér's V,True
polarization_score,twitter,anthropic,engaging,0.8569195624757446,7.324551231319391e-56,Cohen's d,True
controversy_level,twitter,anthropic,engaging,0.14885746158493743,7.6442230763842e-49,Cramér's V,True
primary_topic,twitter,anthropic,engaging,0.2375739819918794,1.0404967939174058e-116,Cramér's V,True
toxicity,twitter,anthropic,engaging,0.7126319094966604,3.81432908567047e-47,Cohen's d,True
severe_toxicity,twitter,anthropic,engaging,0.5597777144469603,1.3285024827991764e-14,Cohen's d,True
author_gender,twitter,anthropic,informative,0.06062725029963634,1.0432734827671315e-08,Cramér's V,True
author_political_leaning,twitter,anthropic,informative,0.11038575957534914,1.272858222462997e-24,Cramér's V,True
author_is_minority,twitter,anthropic,informative,0.017906408350804457,0.20901236964889158,Cramér's V,False
text_length,twitter,anthropic,informative,1.265933086286715,2.044744334902913e-186,Cohen's d,True
avg_word_length,twitter,anthropic,informative,0.22073053517060806,1.119764423308248e-27,Cohen's d,True
sentiment_polarity,twitter,anthropic,informative,0.08287889349163485,0.02752942077683545,Cohen's d,True
sentiment_subjectivity,twitter,anthropic,informative,-0.2688388637664803,1.143825178259908e-39,Cohen's d,True
has_emoji,twitter,anthropic,informative,0.08555314954203379,1.1754734835993281e-17,Cramér's V,True
has_hashtag,twitter,anthropic,informative,0.005051954173533826,0.6134215886865473,Cramér's V,False
has_mention,twitter,anthropic,informative,0.0,1.0,Cramér's V,False
has_url,twitter,anthropic,informative,0.004135510531280241,0.6792029260485848,Cramér's V,False
polarization_score,twitter,anthropic,informative,0.21506238629047453,2.7680603148931107e-08,Cohen's d,True
controversy_level,twitter,anthropic,informative,0.05745674839481311,6.782128992999115e-08,Cramér's V,True
primary_topic,twitter,anthropic,informative,0.17259887026364634,1.1502596143067016e-59,Cramér's V,True
toxicity,twitter,anthropic,informative,-0.33232967385368684,2.703185982177316e-59,Cohen's d,True
severe_toxicity,twitter,anthropic,informative,-0.1447328713985227,1.0547308066680901e-26,Cohen's d,True
author_gender,twitter,anthropic,controversial,0.04664175262640595,1.8882680337130897e-05,Cramér's V,True
author_political_leaning,twitter,anthropic,controversial,0.1307837790957202,4.36867045221582e-35,Cramér's V,True
author_is_minority,twitter,anthropic,controversial,0.01880765951443105,0.17783477832592168,Cramér's V,False
text_length,twitter,anthropic,controversial,1.5129008650782494,1.3919501227147715e-233,Cohen's d,True
avg_word_length,twitter,anthropic,controversial,0.2470094508079484,2.7107327648115336e-43,Cohen's d,True
sentiment_polarity,twitter,anthropic,controversial,-0.24967838638927153,1.701039049116698e-10,Cohen's d,True
sentiment_subjectivity,twitter,anthropic,controversial,-0.2221412782627087,8.99252235988939e-31,Cohen's d,True
has_emoji,twitter,anthropic,controversial,0.08666908437165795,4.440117478437378e-18,Cramér's V,True
has_hashtag,twitter,anthropic,controversial,0.04137514946474546,3.510875858114852e-05,Cramér's V,True
has_mention,twitter,anthropic,controversial,0.0,1.0,Cramér's V,False
has_url,twitter,anthropic,controversial,0.021655379951154418,0.030346508955206117,Cramér's V,True
polarization_score,twitter,anthropic,controversial,0.9968550038513058,5.044213559122618e-66,Cohen's d,True
controversy_level,twitter,anthropic,controversial,0.21508438990026565,3.5065073971668595e-101,Cramér's V,True
primary_topic,twitter,anthropic,controversial,0.24004814438838676,3.006641989500683e-119,Cramér's V,True
toxicity,twitter,anthropic,controversial,-0.028007276980155454,0.3610240996360804,Cohen's d,False
severe_toxicity,twitter,anthropic,controversial,-0.05396982165804164,0.044284554697648956,Cohen's d,True
author_gender,twitter,anthropic,neutral,0.0337561549146239,0.003354709924002598,Cramér's V,True
author_political_leaning,twitter,anthropic,neutral,0.08975423914508388,6.41292087071349e-16,Cramér's V,True
author_is_minority,twitter,anthropic,neutral,0.011855008898775396,0.5035247993552963,Cramér's V,False
text_length,twitter,anthropic,neutral,1.5713531657648405,1.76741993027621e-246,Cohen's d,True
avg_word_length,twitter,anthropic,neutral,0.23651715841027637,1.0410585761536732e-35,Cohen's d,True
sentiment_polarity,twitter,anthropic,neutral,-0.020867420058610815,0.602825584212159,Cohen's d,False
sentiment_subjectivity,twitter,anthropic,neutral,-0.18048030046694036,3.048624052145776e-18,Cohen's d,True
has_emoji,twitter,anthropic,neutral,0.0816831912996545,3.127157892888626e-16,Cramér's V,True
has_hashtag,twitter,anthropic,neutral,0.031464092459803625,0.0016528854881369722,Cramér's V,True
has_mention,twitter,anthropic,neutral,0.0,1.0,Cramér's V,False
has_url,twitter,anthropic,neutral,0.018123072853611057,0.06993872948764437,Cramér's V,False
polarization_score,twitter,anthropic,neutral,0.7205437119851532,6.559407122594234e-41,Cohen's d,True
controversy_level,twitter,anthropic,neutral,0.16192880527710488,1.1533380711283659e-57,Cramér's V,True
primary_topic,twitter,anthropic,neutral,0.20286444077186225,6.3621853425592205e-84,Cramér's V,True
toxicity,twitter,anthropic,neutral,-0.18385129539490636,7.221297621870485e-13,Cohen's d,True
severe_toxicity,twitter,anthropic,neutral,-0.12146184111717073,8.45783234651635e-15,Cohen's d,True
author_gender,twitter,gemini,general,0.009496761173662396,0.6370275568733792,Cramér's V,False
author_political_leaning,twitter,gemini,general,0.05426042460013552,1.8988611731047255e-05,Cramér's V,True
author_is_minority,twitter,gemini,general,0.019213323332989068,0.1649357861204892,Cramér's V,False
text_length,twitter,gemini,general,0.1412835545266969,3.458900000002998e-05,Cohen's d,True
avg_word_length,twitter,gemini,general,0.13091703525315182,5.8787898407769475e-05,Cohen's d,True
sentiment_polarity,twitter,gemini,general,0.2193745278559764,3.386562963139296e-10,Cohen's d,True
sentiment_subjectivity,twitter,gemini,general,-0.03747589371738037,0.24083606458954898,Cohen's d,False
has_emoji,twitter,gemini,general,0.0024554608837138174,0.8060336268080872,Cramér's V,False
has_hashtag,twitter,gemini,general,0.05400572115892639,6.642869968916955e-08,Cramér's V,True
has_mention,twitter,gemini,general,0.0,1.0,Cramér's V,False
has_url,twitter,gemini,general,0.09159843914846415,5.1972435117099563e-20,Cramér's V,True
polarization_score,twitter,gemini,general,-0.02854286011147413,0.3721053847253073,Cohen's d,False
controversy_level,twitter,gemini,general,0.013156698986933479,0.4208437555416452,Cramér's V,False
primary_topic,twitter,gemini,general,0.07180466439203505,2.0473901421931175e-08,Cramér's V,True
toxicity,twitter,gemini,general,-0.26188329971215574,1.87359449657964e-27,Cohen's d,True
severe_toxicity,twitter,gemini,general,-0.11898141398629665,1.4213184126456674e-13,Cohen's d,True
author_gender,twitter,gemini,popular,0.037388100562598885,0.0009216451130809328,Cramér's V,True
author_political_leaning,twitter,gemini,popular,0.01270887068203719,0.8994107349757757,Cramér's V,False
author_is_minority,twitter,gemini,popular,0.023902703737300246,0.06146556382838026,Cramér's V,False
text_length,twitter,gemini,popular,-0.1400345392183255,1.7675057837227276e-05,Cohen's d,True
avg_word_length,twitter,gemini,popular,-0.1453608770012349,0.0005890264940699135,Cohen's d,True
sentiment_polarity,twitter,gemini,popular,0.13692261093860564,0.00019487797682934033,Cohen's d,True
sentiment_subjectivity,twitter,gemini,popular,0.16633789762361495,8.761136532938356e-06,Cohen's d,True
has_emoji,twitter,gemini,popular,0.07269368298945188,3.6117245252691754e-13,Cramér's V,True
has_hashtag,twitter,gemini,popular,0.016745672564826754,0.09401916814926094,Cramér's V,False
has_mention,twitter,gemini,popular,0.0,1.0,Cramér's V,False
has_url,twitter,gemini,popular,0.026462729147499534,0.008138412729131498,Cramér's V,True
polarization_score,twitter,gemini,popular,-0.03757272040228851,0.242666377730716,Cohen's d,False
controversy_level,twitter,gemini,popular,0.017265478674618407,0.22526365353149588,Cramér's V,False
primary_topic,twitter,gemini,popular,0.05767892595956369,5.508938985810909e-05,Cramér's V,True
toxicity,twitter,gemini,popular,0.035983970276612195,0.31910163528931623,Cohen's d,False
severe_toxicity,twitter,gemini,popular,0.06109118174550331,0.10643504152684015,Cohen's d,False
author_gender,twitter,gemini,engaging,0.03143951192739512,0.007138771679139548,Cramér's V,True
author_political_leaning,twitter,gemini,engaging,0.07222000132720408,5.008560057248142e-10,Cramér's V,True
author_is_minority,twitter,gemini,engaging,0.011430991437446697,0.5283908338283974,Cramér's V,False
text_length,twitter,gemini,engaging,0.6522944698484233,1.371052176602969e-51,Cohen's d,True
avg_word_length,twitter,gemini,engaging,0.12061926003759776,8.479023770806742e-06,Cohen's d,True
sentiment_polarity,twitter,gemini,engaging,-0.413025195479638,3.796670754296219e-24,Cohen's d,True
sentiment_subjectivity,twitter,gemini,engaging,-0.030152983050798797,0.29495274609614824,Cohen's d,False
has_emoji,twitter,gemini,engaging,0.021819945406378147,0.029109935649619896,Cramér's V,True
has_hashtag,twitter,gemini,engaging,0.02815926499045003,0.004863679248863543,Cramér's V,True
has_mention,twitter,gemini,engaging,0.0,1.0,Cramér's V,False
has_url,twitter,gemini,engaging,0.04198548499928248,2.686313234137526e-05,Cramér's V,True
polarization_score,twitter,gemini,engaging,0.6146324619370863,6.463388369400469e-31,Cohen's d,True
controversy_level,twitter,gemini,engaging,0.11602264482184398,5.8783859888732756e-30,Cramér's V,True
primary_topic,twitter,gemini,engaging,0.14332399948043245,4.608226092387481e-40,Cramér's V,True
toxicity,twitter,gemini,engaging,0.5636912976138555,4.421186096942585e-31,Cohen's d,True
severe_toxicity,twitter,gemini,engaging,0.45160326233330506,5.91983558749636e-11,Cohen's d,True
author_gender,twitter,gemini,informative,0.04715659810705331,1.483199738942071e-05,Cramér's V,True
author_political_leaning,twitter,gemini,informative,0.10853189824929872,9.212026235599487e-24,Cramér's V,True
author_is_minority,twitter,gemini,informative,0.012045185861585412,0.49247464353045667,Cramér's V,False
text_length,twitter,gemini,informative,1.3390347027537373,1.1754825604120857e-186,Cohen's d,True
avg_word_length,twitter,gemini,informative,0.24474120613599523,6.4237327257591865e-34,Cohen's d,True
sentiment_polarity,twitter,gemini,informative,0.10267734630906188,0.005926551109039252,Cohen's d,True
sentiment_subjectivity,twitter,gemini,informative,-0.293865197971874,4.696317043700034e-42,Cohen's d,True
has_emoji,twitter,gemini,informative,0.07917157221961962,2.4300239613157392e-15,Cramér's V,True
has_hashtag,twitter,gemini,informative,0.030480854226131768,0.0023030444983690194,Cramér's V,True
has_mention,twitter,gemini,informative,0.0,1.0,Cramér's V,False
has_url,twitter,gemini,informative,0.08956865677919641,3.3403823037891647e-19,Cramér's V,True
polarization_score,twitter,gemini,informative,0.36510863515553077,3.145678712915326e-17,Cohen's d,True
controversy_level,twitter,gemini,informative,0.08156258252313303,3.584080858043618e-15,Cramér's V,True
primary_topic,twitter,gemini,informative,0.15839081840853247,1.1231129351274792e-49,Cramér's V,True
toxicity,twitter,gemini,informative,-0.3170504857250354,3.2964268879558063e-50,Cohen's d,True
severe_toxicity,twitter,gemini,informative,-0.12356249888143336,6.179299161357256e-10,Cohen's d,True
author_gender,twitter,gemini,controversial,0.04192422583219266,0.00015252171812177144,Cramér's V,True
author_political_leaning,twitter,gemini,controversial,0.1359551183547926,4.954340732278574e-38,Cramér's V,True
author_is_minority,twitter,gemini,controversial,0.014917704962196285,0.3374188871321828,Cramér's V,False
text_length,twitter,gemini,controversial,1.3202456567247287,3.783510896217959e-168,Cohen's d,True
avg_word_length,twitter,gemini,controversial,0.23581398229714365,3.7163105588282484e-25,Cohen's d,True
sentiment_polarity,twitter,gemini,controversial,-0.425279825024603,8.855911811178017e-25,Cohen's d,True
sentiment_subjectivity,twitter,gemini,controversial,-0.11991059031218865,2.139356042392006e-07,Cohen's d,True
has_emoji,twitter,gemini,controversial,0.057592303288383724,8.449833661132402e-09,Cramér's V,True
has_hashtag,twitter,gemini,controversial,0.0010001556008663625,0.9203319722234949,Cramér's V,False
has_mention,twitter,gemini,controversial,0.0,1.0,Cramér's V,False
has_url,twitter,gemini,controversial,0.032918002160277265,0.0009954830230328318,Cramér's V,True
polarization_score,twitter,gemini,controversial,1.1543115050567914,3.1244379570010165e-78,Cohen's d,True
controversy_level,twitter,gemini,controversial,0.22023936268180383,4.697993416680698e-106,Cramér's V,True
primary_topic,twitter,gemini,controversial,0.2528548126112511,8.04955086163518e-133,Cramér's V,True
toxicity,twitter,gemini,controversial,0.3276011465725147,4.776902946892963e-16,Cohen's d,True
severe_toxicity,twitter,gemini,controversial,0.17472908260578232,0.0005425628524485013,Cohen's d,True
author_gender,twitter,gemini,neutral,0.028498150911552222,0.01723655211826401,Cramér's V,True
author_political_leaning,twitter,gemini,neutral,0.13782489629911293,3.990244858307998e-39,Cramér's V,True
author_is_minority,twitter,gemini,neutral,0.013053895866880228,0.4352157946544156,Cramér's V,False
text_length,twitter,gemini,neutral,1.4993342475845892,1.5527281289833925e-197,Cohen's d,True
avg_word_length,twitter,gemini,neutral,0.2386236774394297,2.533831603211073e-27,Cohen's d,True
sentiment_polarity,twitter,gemini,neutral,-0.5624688132636666,5.5972632256992664e-39,Cohen's d,True
sentiment_subjectivity,twitter,gemini,neutral,-0.06081618928228839,0.006474033164655178,Cohen's d,True
has_emoji,twitter,gemini,neutral,0.04118352012212967,3.815914974314784e-05,Cramér's V,True
has_hashtag,twitter,gemini,neutral,0.019748480246123964,0.04828539719291507,Cramér's V,True
has_mention,twitter,gemini,neutral,0.0,1.0,Cramér's V,False
has_url,twitter,gemini,neutral,0.06456038520998425,1.0747926192462522e-10,Cramér's V,True
polarization_score,twitter,gemini,neutral,1.1313948073765894,6.170420936241672e-77,Cohen's d,True
controversy_level,twitter,gemini,neutral,0.20942379909225334,5.792307801907406e-96,Cramér's V,True
primary_topic,twitter,gemini,neutral,0.2504164254478187,3.5104860802396625e-130,Cramér's V,True
toxicity,twitter,gemini,neutral,0.5194868935644268,2.701632136565328e-31,Cohen's d,True
severe_toxicity,twitter,gemini,neutral,0.2914674471523492,2.4834579783586977e-07,Cohen's d,True
author_gender,bluesky,openai,general,0.04108618532560107,0.0007477953868488302,Cramér's V,True
author_political_leaning,bluesky,openai,general,0.039927089284674956,0.0011656102923121082,Cramér's V,True
author_is_minority,bluesky,openai,general,0.04843097967501734,1.0343320349813016e-05,Cramér's V,True
text_length,bluesky,openai,general,0.19557876685914524,2.943189982448618e-10,Cohen's d,True
avg_word_length,bluesky,openai,general,0.07023420617390638,0.0216633226396772,Cohen's d,True
sentiment_polarity,bluesky,openai,general,0.02291165414619562,0.5098814868874144,Cohen's d,False
sentiment_subjectivity,bluesky,openai,general,0.08646967562976697,0.007141050805517904,Cohen's d,True
has_emoji,bluesky,openai,general,0.003906436277838658,0.6960606726692241,Cramér's V,False
has_hashtag,bluesky,openai,general,0.02199483418163889,0.027843566920472677,Cramér's V,True
has_mention,bluesky,openai,general,0.021124729214964614,0.03464590615406817,Cramér's V,True
has_url,bluesky,openai,general,0.0,1.0,Cramér's V,False
polarization_score,bluesky,openai,general,0.23559667278967983,1.7932883462250478e-10,Cohen's d,True
controversy_level,bluesky,openai,general,0.04139109873550536,0.00019045106507134847,Cramér's V,True
primary_topic,bluesky,openai,general,0.06728302993905165,3.270693980240622e-07,Cramér's V,True
toxicity,bluesky,openai,general,-0.0762117601983114,0.010946015963894825,Cohen's d,True
severe_toxicity,bluesky,openai,general,-0.0025517074185043963,0.9425862325626224,Cohen's d,False
author_gender,bluesky,openai,popular,0.035991224726755054,0.004737847703610308,Cramér's V,True
author_political_leaning,bluesky,openai,popular,0.038468900317049734,0.001997138648135262,Cramér's V,True
author_is_minority,bluesky,openai,popular,0.06415228776371068,1.7894895454430813e-09,Cramér's V,True
text_length,bluesky,openai,popular,0.12231891953291718,0.00014191351847513465,Cohen's d,True
avg_word_length,bluesky,openai,popular,0.0014067976704165224,0.9638514332677144,Cohen's d,False
sentiment_polarity,bluesky,openai,popular,0.017650760711949223,0.6113498037012537,Cohen's d,False
sentiment_subjectivity,bluesky,openai,popular,0.13375504035806204,7.654519392921914e-05,Cohen's d,True
has_emoji,bluesky,openai,popular,0.009115017981623535,0.362031038596871,Cramér's V,False
has_hashtag,bluesky,openai,popular,0.014044894115986278,0.16017316250459168,Cramér's V,False
has_mention,bluesky,openai,popular,0.018901073508126236,0.05874360420540702,Cramér's V,False
has_url,bluesky,openai,popular,0.0,1.0,Cramér's V,False
polarization_score,bluesky,openai,popular,0.23536806206882935,5.485159560343451e-10,Cohen's d,True
controversy_level,bluesky,openai,popular,0.049403374172617844,5.013045726210277e-06,Cramér's V,True
primary_topic,bluesky,openai,popular,0.06249043255224926,4.8103809014509415e-06,Cramér's V,True
toxicity,bluesky,openai,popular,0.03977949938378914,0.24242849277707987,Cohen's d,False
severe_toxicity,bluesky,openai,popular,0.01670819926685106,0.6508685599658265,Cohen's d,False
author_gender,bluesky,openai,engaging,0.04639110262452495,8.203611824272319e-05,Cramér's V,True
author_political_leaning,bluesky,openai,engaging,0.031241145886663924,0.02071948533231336,Cramér's V,True
author_is_minority,bluesky,openai,engaging,0.06370326030198245,2.3700194005143536e-09,Cramér's V,True
text_length,bluesky,openai,engaging,0.180793308777268,1.1475440052826288e-08,Cohen's d,True
avg_word_length,bluesky,openai,engaging,-0.0026526390145049147,0.9299006141059124,Cohen's d,False
sentiment_polarity,bluesky,openai,engaging,-0.002781664134339383,0.936474580951191,Cohen's d,False
sentiment_subjectivity,bluesky,openai,engaging,0.13253643024693632,5.1019696035334824e-05,Cohen's d,True
has_emoji,bluesky,openai,engaging,0.028751783632826385,0.004037993185517167,Cramér's V,True
has_hashtag,bluesky,openai,engaging,0.030048100419446735,0.0026574676105088246,Cramér's V,True
has_mention,bluesky,openai,engaging,0.014409024248573075,0.14961225094278005,Cramér's V,False
has_url,bluesky,openai,engaging,0.0,1.0,Cramér's V,False
polarization_score,bluesky,openai,engaging,0.2814450124732568,4.151057861444144e-13,Cohen's d,True
controversy_level,bluesky,openai,engaging,0.06354658003671194,1.703060054722168e-09,Cramér's V,True
primary_topic,bluesky,openai,engaging,0.07300290087431176,9.458979923986937e-09,Cramér's V,True
toxicity,bluesky,openai,engaging,0.06542979734003393,0.06436417885790609,Cohen's d,False
severe_toxicity,bluesky,openai,engaging,0.08054495420780254,0.08080875353734862,Cohen's d,False
author_gender,bluesky,openai,informative,0.04998000965308922,1.5589783707787552e-05,Cramér's V,True
author_political_leaning,bluesky,openai,informative,0.04447440332462454,0.00018855111044552267,Cramér's V,True
author_is_minority,bluesky,openai,informative,0.015573354255336657,0.3051540031772295,Cramér's V,False
text_length,bluesky,openai,informative,0.42511891429606113,3.8284524986910963e-47,Cohen's d,True
avg_word_length,bluesky,openai,informative,0.3360066937499139,1.3775802045412158e-25,Cohen's d,True
sentiment_polarity,bluesky,openai,informative,0.02259221135844074,0.5022191652446637,Cohen's d,False
sentiment_subjectivity,bluesky,openai,informative,-0.06802740597526644,0.02507141365601436,Cohen's d,True
has_emoji,bluesky,openai,informative,0.022136472241085732,0.026853056049746655,Cramér's V,True
has_hashtag,bluesky,openai,informative,0.04716964438953882,2.393895126897025e-06,Cramér's V,True
has_mention,bluesky,openai,informative,0.0055591392670959515,0.5782696972335276,Cramér's V,False
has_url,bluesky,openai,informative,0.02309747564881794,0.020902133798657824,Cramér's V,True
polarization_score,bluesky,openai,informative,-0.00142953070124901,0.9663660511552006,Cohen's d,False
controversy_level,bluesky,openai,informative,0.025980679782032907,0.034218850255903474,Cramér's V,True
primary_topic,bluesky,openai,informative,0.05184637370318063,0.0007413794555984159,Cramér's V,True
toxicity,bluesky,openai,informative,-0.2298646650321349,1.936165806648332e-24,Cohen's d,True
severe_toxicity,bluesky,openai,informative,-0.11702379451628728,2.4211308626163377e-16,Cohen's d,True
author_gender,bluesky,openai,controversial,0.04877262390297232,2.7663658688894867e-05,Cramér's V,True
author_political_leaning,bluesky,openai,controversial,0.043955318218196766,0.00023467232387984968,Cramér's V,True
author_is_minority,bluesky,openai,controversial,0.05674967692641743,1.4288104326602432e-07,Cramér's V,True
text_length,bluesky,openai,controversial,0.29542560408388646,1.2061842301455226e-22,Cohen's d,True
avg_word_length,bluesky,openai,controversial,0.09855029073725674,0.0008824099236576194,Cohen's d,True
sentiment_polarity,bluesky,openai,controversial,-0.16022060503284688,5.955462931099256e-06,Cohen's d,True
sentiment_subjectivity,bluesky,openai,controversial,0.11520873159897937,0.0001802703847726642,Cohen's d,True
has_emoji,bluesky,openai,controversial,0.016927890537300854,0.09049562699472642,Cramér's V,False
has_hashtag,bluesky,openai,controversial,0.0018549860153189407,0.8528379770482435,Cramér's V,False
has_mention,bluesky,openai,controversial,0.03224300774915652,0.0012628068939947756,Cramér's V,True
has_url,bluesky,openai,controversial,0.0,1.0,Cramér's V,False
polarization_score,bluesky,openai,controversial,0.3419687488233907,8.682303402548394e-18,Cohen's d,True
controversy_level,bluesky,openai,controversial,0.07623805501778039,2.3926488183844e-13,Cramér's V,True
primary_topic,bluesky,openai,controversial,0.07581125902072196,1.4555495352027086e-09,Cramér's V,True
toxicity,bluesky,openai,controversial,0.049865001190868855,0.1398722988181145,Cohen's d,False
severe_toxicity,bluesky,openai,controversial,0.009158270151933063,0.78247670083906,Cohen's d,False
author_gender,bluesky,openai,neutral,0.05969765869638341,8.930826631921227e-08,Cramér's V,True
author_political_leaning,bluesky,openai,neutral,0.04576165546920662,0.00010827338409559871,Cramér's V,True
author_is_minority,bluesky,openai,neutral,0.07438230117424095,1.739950229734542e-12,Cramér's V,True
text_length,bluesky,openai,neutral,0.23647568800218582,7.660922506787432e-15,Cohen's d,True
avg_word_length,bluesky,openai,neutral,0.023184203801714452,0.4234538974868307,Cohen's d,False
sentiment_polarity,bluesky,openai,neutral,-0.06845401357481327,0.05414736793174044,Cohen's d,False
sentiment_subjectivity,bluesky,openai,neutral,0.10885879897297968,0.00041403144288185655,Cohen's d,True
has_emoji,bluesky,openai,neutral,0.013021454259462195,0.19286667695364126,Cramér's V,False
has_hashtag,bluesky,openai,neutral,0.010069924083159975,0.3139384224158593,Cramér's V,False
has_mention,bluesky,openai,neutral,0.023348384921802995,0.01955185952164977,Cramér's V,True
has_url,bluesky,openai,neutral,0.0,1.0,Cramér's V,False
polarization_score,bluesky,openai,neutral,0.31434248706597384,3.241390030789143e-16,Cohen's d,True
controversy_level,bluesky,openai,neutral,0.05993941355767042,1.5793513989515743e-08,Cramér's V,True
primary_topic,bluesky,openai,neutral,0.09847034044272775,1.779295818784038e-17,Cramér's V,True
toxicity,bluesky,openai,neutral,0.024757932628027352,0.4610616516964259,Cohen's d,False
severe_toxicity,bluesky,openai,neutral,0.01925535920031242,0.6065736668950672,Cohen's d,False
author_gender,bluesky,anthropic,general,0.04828054712482609,3.47971335517427e-05,Cramér's V,True
author_political_leaning,bluesky,anthropic,general,0.03840728002489679,0.0020421034264740414,Cramér's V,True
author_is_minority,bluesky,anthropic,general,0.03661932307723098,0.0014120245096201107,Cramér's V,True
text_length,bluesky,anthropic,general,0.14810452754365594,9.411017262251982e-07,Cohen's d,True
avg_word_length,bluesky,anthropic,general,0.16245283752535825,2.349643580718597e-08,Cohen's d,True
sentiment_polarity,bluesky,anthropic,general,-0.11731906343725411,0.0005229163811471584,Cohen's d,True
sentiment_subjectivity,bluesky,anthropic,general,-0.010525807808947303,0.744119315109903,Cohen's d,False
has_emoji,bluesky,anthropic,general,0.004939771177725581,0.6213223397723111,Cramér's V,False
has_hashtag,bluesky,anthropic,general,0.002913964900145375,0.7707480986959365,Cramér's V,False
has_mention,bluesky,anthropic,general,0.007639559434080767,0.44489349749433815,Cramér's V,False
has_url,bluesky,anthropic,general,0.0038720705273022297,0.6986029292926829,Cramér's V,False
polarization_score,bluesky,anthropic,general,0.10325974656542486,0.0018583896826905703,Cohen's d,True
controversy_level,bluesky,anthropic,general,0.007872964932640013,0.7335071863152935,Cramér's V,False
primary_topic,bluesky,anthropic,general,0.044991652328553323,0.009456555121099768,Cramér's V,True
toxicity,bluesky,anthropic,general,-0.11719084195553175,1.862953188841953e-05,Cohen's d,True
severe_toxicity,bluesky,anthropic,general,-0.11546064875102316,8.077221192773456e-22,Cohen's d,True
author_gender,bluesky,anthropic,popular,0.03776778757214647,0.002566893751860523,Cramér's V,True
author_political_leaning,bluesky,anthropic,popular,0.031406870107994415,0.019759043507629404,Cramér's V,True
author_is_minority,bluesky,anthropic,popular,0.0776437763493566,1.537031742505915e-13,Cramér's V,True
text_length,bluesky,anthropic,popular,-0.2798663466552837,2.108343955580486e-16,Cohen's d,True
avg_word_length,bluesky,anthropic,popular,-0.07482071192036507,0.011247792391933568,Cohen's d,True
sentiment_polarity,bluesky,anthropic,popular,-0.17112554775527822,7.795503412304046e-07,Cohen's d,True
sentiment_subjectivity,bluesky,anthropic,popular,0.14122664057476203,6.972429248225707e-05,Cohen's d,True
has_emoji,bluesky,anthropic,popular,0.035037546997596355,0.00045874772238197256,Cramér's V,True
has_hashtag,bluesky,anthropic,popular,0.00086961876384088,0.930701815503067,Cramér's V,False
has_mention,bluesky,anthropic,popular,0.034071288646018716,0.0006565012360676722,Cramér's V,True
has_url,bluesky,anthropic,popular,0.0,1.0,Cramér's V,False
polarization_score,bluesky,anthropic,popular,0.08041227415397786,0.01713964560777346,Cohen's d,True
controversy_level,bluesky,anthropic,popular,0.020598967280587466,0.11984125761710554,Cramér's V,False
primary_topic,bluesky,anthropic,popular,0.0384156420068201,0.06403340326122055,Cramér's V,False
toxicity,bluesky,anthropic,popular,0.28506843816718447,1.4192416317306592e-11,Cohen's d,True
severe_toxicity,bluesky,anthropic,popular,0.14779728392118013,0.0016298924363986685,Cohen's d,True
author_gender,bluesky,anthropic,engaging,0.058371536287383195,1.912709299321747e-07,Cramér's V,True
author_political_leaning,bluesky,anthropic,engaging,0.05697365349098684,4.186300846980959e-07,Cramér's V,True
author_is_minority,bluesky,anthropic,engaging,0.09320541858680742,3.4339630517993775e-19,Cramér's V,True
text_length,bluesky,anthropic,engaging,-0.013375754470088591,0.6793485333191367,Cohen's d,False
avg_word_length,bluesky,anthropic,engaging,-0.05974319908676683,0.03280175440723328,Cohen's d,True
sentiment_polarity,bluesky,anthropic,engaging,-0.24850857534128987,3.669016043547718e-12,Cohen's d,True
sentiment_subjectivity,bluesky,anthropic,engaging,0.2036317796444172,2.5387884900488597e-09,Cohen's d,True
has_emoji,bluesky,anthropic,engaging,0.027500074643091607,0.0059593907171786465,Cramér's V,True
has_hashtag,bluesky,anthropic,engaging,0.0007341297630827765,0.9414774918586586,Cramér's V,False
has_mention,bluesky,anthropic,engaging,0.02725006455883689,0.0064300229770647655,Cramér's V,True
has_url,bluesky,anthropic,engaging,0.0,1.0,Cramér's V,False
polarization_score,bluesky,anthropic,engaging,0.30437464705319384,1.408459044218382e-16,Cohen's d,True
controversy_level,bluesky,anthropic,engaging,0.04717347182895051,1.4714425453666357e-05,Cramér's V,True
primary_topic,bluesky,anthropic,engaging,0.05765421081862025,5.57456960804265e-05,Cramér's V,True
toxicity,bluesky,anthropic,engaging,0.4076034332652941,5.14539282925031e-19,Cohen's d,True
severe_toxicity,bluesky,anthropic,engaging,0.25614867922408724,1.2264594220792598e-05,Cohen's d,True
author_gender,bluesky,anthropic,informative,0.061703878434245116,2.7267448806823978e-08,Cramér's V,True
author_political_leaning,bluesky,anthropic,informative,0.057643261287558846,2.883792110825133e-07,Cramér's V,True
author_is_minority,bluesky,anthropic,informative,0.05396513005355854,6.459915777758372e-07,Cramér's V,True
text_length,bluesky,anthropic,informative,0.5472303387122083,1.5706052550746657e-94,Cohen's d,True
avg_word_length,bluesky,anthropic,informative,0.624651532775864,3.3326769524446203e-71,Cohen's d,True
sentiment_polarity,bluesky,anthropic,informative,0.057445975893926915,0.0703593399510515,Cohen's d,False
sentiment_subjectivity,bluesky,anthropic,informative,-0.3404278538155552,7.385438899153111e-34,Cohen's d,True
has_emoji,bluesky,anthropic,informative,0.0401446865264363,5.957986106370015e-05,Cramér's V,True
has_hashtag,bluesky,anthropic,informative,0.02760153512414279,0.005777420646630742,Cramér's V,True
has_mention,bluesky,anthropic,informative,0.012400089329173917,0.21497209010856247,Cramér's V,False
has_url,bluesky,anthropic,informative,0.0,1.0,Cramér's V,False
polarization_score,bluesky,anthropic,informative,-0.13465390152904663,1.96025264062256e-05,Cohen's d,True
controversy_level,bluesky,anthropic,informative,0.023758035815068905,0.05947368525082258,Cramér's V,False
primary_topic,bluesky,anthropic,informative,0.04237584627148306,0.021550245055386153,Cramér's V,True
toxicity,bluesky,anthropic,informative,-0.3358612776841021,5.746967036011158e-95,Cohen's d,True
severe_toxicity,bluesky,anthropic,informative,-0.13967225674494987,1.0511355052381773e-35,Cohen's d,True
author_gender,bluesky,anthropic,controversial,0.06093176408651357,4.325733902565665e-08,Cramér's V,True
author_political_leaning,bluesky,anthropic,controversial,0.047770464633355325,4.402258594617191e-05,Cramér's V,True
author_is_minority,bluesky,anthropic,controversial,0.0071237813782504735,0.7800775119458238,Cramér's V,False
text_length,bluesky,anthropic,controversial,0.4827274918661737,3.454445676257413e-64,Cohen's d,True
avg_word_length,bluesky,anthropic,controversial,0.305441522619584,1.1970475674617201e-24,Cohen's d,True
sentiment_polarity,bluesky,anthropic,controversial,-0.14593018422522727,3.4258351544308586e-05,Cohen's d,True
sentiment_subjectivity,bluesky,anthropic,controversial,0.1108239877658154,0.00015376534340272072,Cohen's d,True
has_emoji,bluesky,anthropic,controversial,0.05331986716203835,9.714404657827333e-08,Cramér's V,True
has_hashtag,bluesky,anthropic,controversial,0.05081224066138783,3.750104547743701e-07,Cramér's V,True
has_mention,bluesky,anthropic,controversial,0.03888011684303097,0.0001010687624488598,Cramér's V,True
has_url,bluesky,anthropic,controversial,0.0,1.0,Cramér's V,False
polarization_score,bluesky,anthropic,controversial,0.5916030969260888,2.0172052867434702e-42,Cohen's d,True
controversy_level,bluesky,anthropic,controversial,0.13234670263261022,9.231025414242255e-39,Cramér's V,True
primary_topic,bluesky,anthropic,controversial,0.12607552524847596,2.65094657180194e-30,Cramér's V,True
toxicity,bluesky,anthropic,controversial,0.011894029048227471,0.7170249589400348,Cohen's d,False
severe_toxicity,bluesky,anthropic,controversial,-0.014075646986248433,0.6508279933369798,Cohen's d,False
author_gender,bluesky,anthropic,neutral,0.06336084472139898,9.922362510215805e-09,Cramér's V,True
author_political_leaning,bluesky,anthropic,neutral,0.06040552747035154,5.903853474786298e-08,Cramér's V,True
author_is_minority,bluesky,anthropic,neutral,0.08240904752602277,3.678089435690919e-15,Cramér's V,True
text_length,bluesky,anthropic,neutral,0.3952784002151379,5.623653567636603e-42,Cohen's d,True
avg_word_length,bluesky,anthropic,neutral,0.15556952535712107,7.53874232347807e-08,Cohen's d,True
sentiment_polarity,bluesky,anthropic,neutral,-0.037830909157284535,0.28131387393041885,Cohen's d,False
sentiment_subjectivity,bluesky,anthropic,neutral,0.04623911610499469,0.12880511444860646,Cohen's d,False
has_emoji,bluesky,anthropic,neutral,0.02106531928053762,0.03515817271972647,Cramér's V,True
has_hashtag,bluesky,anthropic,neutral,0.019301458689412673,0.053588766428898114,Cramér's V,False
has_mention,bluesky,anthropic,neutral,0.02505257295455495,0.012236234462886512,Cramér's V,True
has_url,bluesky,anthropic,neutral,0.0,1.0,Cramér's V,False
polarization_score,bluesky,anthropic,neutral,0.3266291567300515,3.3170343346209664e-18,Cohen's d,True
controversy_level,bluesky,anthropic,neutral,0.046342786943114264,2.169845477943183e-05,Cramér's V,True
primary_topic,bluesky,anthropic,neutral,0.08977347370717247,3.714186216791415e-14,Cramér's V,True
toxicity,bluesky,anthropic,neutral,-0.14354159170047376,1.0968809830076862e-07,Cohen's d,True
severe_toxicity,bluesky,anthropic,neutral,-0.08328707628621212,1.9097730862365095e-05,Cohen's d,True
author_gender,bluesky,gemini,general,0.03548950984844218,0.005599424690586676,Cramér's V,True
author_political_leaning,bluesky,gemini,general,0.021040225126262146,0.21890307191138186,Cramér's V,False
author_is_minority,bluesky,gemini,general,0.014106454801294703,0.37761988815477354,Cramér's V,False
text_length,bluesky,gemini,general,0.08211010209386888,0.00833139098254794,Cohen's d,True
avg_word_length,bluesky,gemini,general,0.08245132196251172,0.011937044739031849,Cohen's d,True
sentiment_polarity,bluesky,gemini,general,-0.0416143425333228,0.21857079956560427,Cohen's d,False
sentiment_subjectivity,bluesky,gemini,general,0.0006554317516315682,0.9839151013969167,Cohen's d,False
has_emoji,bluesky,gemini,general,0.020035789098490096,0.045115186916148395,Cramér's V,True
has_hashtag,bluesky,gemini,general,0.022494743588168952,0.024482332384268925,Cramér's V,True
has_mention,bluesky,gemini,general,0.0013705993356001342,0.8909834219120266,Cramér's V,False
has_url,bluesky,gemini,general,0.0,1.0,Cramér's V,False
polarization_score,bluesky,gemini,general,-0.004802005734037104,0.8835473464352526,Cohen's d,False
controversy_level,bluesky,gemini,general,0.00934301860669194,0.6463203608959625,Cramér's V,False
primary_topic,bluesky,gemini,general,0.04698576170463262,0.004775892431664022,Cramér's V,True
toxicity,bluesky,gemini,general,-0.10144396069487849,0.00041459591727792687,Cohen's d,True
severe_toxicity,bluesky,gemini,general,-0.0641141320752765,0.008274921794999621,Cohen's d,True
author_gender,bluesky,gemini,popular,0.02409770461084364,0.12138743202454157,Cramér's V,False
author_political_leaning,bluesky,gemini,popular,0.02075142529302298,0.23024041884053348,Cramér's V,False
author_is_minority,bluesky,gemini,popular,0.03205097437659278,0.006555606070025594,Cramér's V,True
text_length,bluesky,gemini,popular,-0.1761252246288616,2.463384985109448e-07,Cohen's d,True
avg_word_length,bluesky,gemini,popular,-0.13147645128996682,4.23689024262325e-05,Cohen's d,True
sentiment_polarity,bluesky,gemini,popular,-0.01211689256643148,0.7284621780998688,Cohen's d,False
sentiment_subjectivity,bluesky,gemini,popular,0.1774939716924183,1.6569894658296463e-06,Cohen's d,True
has_emoji,bluesky,gemini,popular,0.04926828363822363,8.357510682203099e-07,Cramér's V,True
has_hashtag,bluesky,gemini,popular,0.0013029228929656305,0.8963351803188283,Cramér's V,False
has_mention,bluesky,gemini,popular,0.011261966051365074,0.26008231017694294,Cramér's V,False
has_url,bluesky,gemini,popular,0.0,1.0,Cramér's V,False
polarization_score,bluesky,gemini,popular,0.06331759686609266,0.06075072893390233,Cohen's d,False
controversy_level,bluesky,gemini,popular,0.01490921647980212,0.3290901083323091,Cramér's V,False
primary_topic,bluesky,gemini,popular,0.03924275483262484,0.05181981731251729,Cramér's V,False
toxicity,bluesky,gemini,popular,0.21732364399925144,9.165912593288007e-08,Cohen's d,True
severe_toxicity,bluesky,gemini,popular,0.12835522494438278,0.0048209639088080585,Cohen's d,True
author_gender,bluesky,gemini,engaging,0.05083730068565929,1.0280732121468754e-05,Cramér's V,True
author_political_leaning,bluesky,gemini,engaging,0.036754400338140356,0.0036559576177790966,Cramér's V,True
author_is_minority,bluesky,gemini,engaging,0.07637303861476019,4.0055552958284464e-13,Cramér's V,True
text_length,bluesky,gemini,engaging,0.10806774185951472,0.0009272077109508649,Cohen's d,True
avg_word_length,bluesky,gemini,engaging,0.014468575682538946,0.6448241289023866,Cohen's d,False
sentiment_polarity,bluesky,gemini,engaging,-0.17088588977270042,2.67292279839774e-06,Cohen's d,True
sentiment_subjectivity,bluesky,gemini,engaging,0.1288515750512489,0.00014890478969056245,Cohen's d,True
has_emoji,bluesky,gemini,engaging,0.0065397991536433366,0.5131247454727581,Cramér's V,False
has_hashtag,bluesky,gemini,engaging,0.030485540873876855,0.002299455153115416,Cramér's V,True
has_mention,bluesky,gemini,engaging,0.008983469684815153,0.3690005995997584,Cramér's V,False
has_url,bluesky,gemini,engaging,0.0,1.0,Cramér's V,False
polarization_score,bluesky,gemini,engaging,0.23547879924672602,1.2428030648152005e-10,Cohen's d,True
controversy_level,bluesky,gemini,engaging,0.03472559161043671,0.0024070976219734436,Cramér's V,True
primary_topic,bluesky,gemini,engaging,0.05996403490915252,1.7882404862465743e-05,Cramér's V,True
toxicity,bluesky,gemini,engaging,0.34795544619399404,5.164159366754726e-14,Cohen's d,True
severe_toxicity,bluesky,gemini,engaging,0.27191641748477957,3.760872080581175e-06,Cohen's d,True
author_gender,bluesky,gemini,informative,0.056511061884396765,5.401166580833603e-07,Cramér's V,True
author_political_leaning,bluesky,gemini,informative,0.046222245700917625,8.841178506681218e-05,Cramér's V,True
author_is_minority,bluesky,gemini,informative,0.04014637313264959,0.0003752894874382233,Cramér's V,True
text_length,bluesky,gemini,informative,0.5074995783199604,4.0952926550079717e-78,Cohen's d,True
avg_word_length,bluesky,gemini,informative,0.5450476040691173,4.623347023264952e-56,Cohen's d,True
sentiment_polarity,bluesky,gemini,informative,0.0799736202897891,0.011469525510166514,Cohen's d,True
sentiment_subjectivity,bluesky,gemini,informative,-0.32802685839841983,2.5009696824448463e-32,Cohen's d,True
has_emoji,bluesky,gemini,informative,0.015200576682928721,0.1284964825429348,Cramér's V,False
has_hashtag,bluesky,gemini,informative,0.06366107383600614,1.938857156690305e-10,Cramér's V,True
has_mention,bluesky,gemini,informative,0.03257123461755445,0.0011254746897508673,Cramér's V,True
has_url,bluesky,gemini,informative,0.003887104158578115,0.6974903764187653,Cramér's V,False
polarization_score,bluesky,gemini,informative,-0.1460258115655416,3.301018749011459e-06,Cohen's d,True
controversy_level,bluesky,gemini,informative,0.02384739751309877,0.05822200862033506,Cramér's V,False
primary_topic,bluesky,gemini,informative,0.04624596243501301,0.006187690683329354,Cramér's V,True
toxicity,bluesky,gemini,informative,-0.3340657499446123,9.35103369553557e-89,Cohen's d,True
severe_toxicity,bluesky,gemini,informative,-0.12612449015509156,1.803345043049591e-19,Cohen's d,True
author_gender,bluesky,gemini,controversial,0.0533916723606617,2.842919667590323e-06,Cramér's V,True
author_political_leaning,bluesky,gemini,controversial,0.03960171733641186,0.0013169558161313824,Cramér's V,True
author_is_minority,bluesky,gemini,controversial,0.0560421121579879,2.1115454472487026e-07,Cramér's V,True
text_length,bluesky,gemini,controversial,0.3928555968065439,3.345192863616313e-39,Cohen's d,True
avg_word_length,bluesky,gemini,controversial,0.12171713734591072,2.7759279975308253e-05,Cohen's d,True
sentiment_polarity,bluesky,gemini,controversial,-0.20605478432373922,7.744644749305872e-09,Cohen's d,True
sentiment_subjectivity,bluesky,gemini,controversial,0.09952528053094109,0.0013533782394274728,Cohen's d,True
has_emoji,bluesky,gemini,controversial,0.02968114624279423,0.002996325703074087,Cramér's V,True
has_hashtag,bluesky,gemini,controversial,0.005291677180464596,0.5966891085897391,Cramér's V,False
has_mention,bluesky,gemini,controversial,0.0292583671188218,0.003435311965126923,Cramér's V,True
has_url,bluesky,gemini,controversial,0.0,1.0,Cramér's V,False
polarization_score,bluesky,gemini,controversial,0.3404457905390535,4.433958446341282e-19,Cohen's d,True
controversy_level,bluesky,gemini,controversial,0.05757525040588142,6.335276425390435e-08,Cramér's V,True
primary_topic,bluesky,gemini,controversial,0.06273015359860999,4.2309921877639606e-06,Cramér's V,True
toxicity,bluesky,gemini,controversial,0.1696322780854888,1.0295700346144166e-05,Cohen's d,True
severe_toxicity,bluesky,gemini,controversial,0.10469698011792677,0.01399888295404116,Cohen's d,True
author_gender,bluesky,gemini,neutral,0.05998007728929968,7.576025312032479e-08,Cramér's V,True
author_political_leaning,bluesky,gemini,neutral,0.05728825038807711,3.515852360977075e-07,Cramér's V,True
author_is_minority,bluesky,gemini,neutral,0.07022623450627846,3.2955685541668987e-11,Cramér's V,True
text_length,bluesky,gemini,neutral,0.16612539702692394,7.554160048814237e-08,Cohen's d,True
avg_word_length,bluesky,gemini,neutral,0.022526915121331557,0.457827970245665,Cohen's d,False
sentiment_polarity,bluesky,gemini,neutral,-0.06424431804337584,0.06719302268603053,Cohen's d,False
sentiment_subjectivity,bluesky,gemini,neutral,0.05729961336050805,0.07811776884163932,Cohen's d,False
has_emoji,bluesky,gemini,neutral,0.0012755254438641666,0.8985030883520836,Cramér's V,False
has_hashtag,bluesky,gemini,neutral,0.05733435913764339,9.8416262458968e-09,Cramér's V,True
has_mention,bluesky,gemini,neutral,0.012543332913045123,0.2097208882472683,Cramér's V,False
has_url,bluesky,gemini,neutral,0.0,1.0,Cramér's V,False
polarization_score,bluesky,gemini,neutral,0.21089994572911688,3.902313155407528e-09,Cohen's d,True
controversy_level,bluesky,gemini,neutral,0.016563185401826327,0.25367647272479343,Cramér's V,False
primary_topic,bluesky,gemini,neutral,0.06830353197508277,1.7849886635775033e-07,Cramér's V,True
toxicity,bluesky,gemini,neutral,0.03418579783114408,0.32841089132622836,Cohen's d,False
severe_toxicity,bluesky,gemini,neutral,0.09604814727616148,0.06220943033871111,Cohen's d,False
author_gender,reddit,openai,general,0.016422030412866988,0.44076613049572855,Cramér's V,False
author_political_leaning,reddit,openai,general,0.03788980297999123,0.0024580985730004975,Cramér's V,True
author_is_minority,reddit,openai,general,0.014107715733592194,0.18959100003198898,Cramér's V,False
text_length,reddit,openai,general,0.3402886478228405,6.694081111134021e-14,Cohen's d,True
avg_word_length,reddit,openai,general,0.1063898727677212,0.00024705377544758294,Cohen's d,True
sentiment_polarity,reddit,openai,general,-0.0008230570112102246,0.9824122698718756,Cohen's d,False
sentiment_subjectivity,reddit,openai,general,0.006230761376600633,0.8285741108937404,Cohen's d,False
has_emoji,reddit,openai,general,0.013745156658762712,0.1692816501661321,Cramér's V,False
has_hashtag,reddit,openai,general,0.0003418517542899062,0.972729487926195,Cramér's V,False
has_mention,reddit,openai,general,0.013368498490173917,0.1812716537718541,Cramér's V,False
has_url,reddit,openai,general,0.013803634976127074,0.1674747532293055,Cramér's V,False
polarization_score,reddit,openai,general,0.4045290154932116,6.526170469889938e-24,Cohen's d,True
controversy_level,reddit,openai,general,0.09961324611741751,2.8373713302814304e-22,Cramér's V,True
primary_topic,reddit,openai,general,0.06969326801077834,1.996787476269647e-07,Cramér's V,True
toxicity,reddit,openai,general,-0.06834764191812606,0.03266323219605307,Cohen's d,True
severe_toxicity,reddit,openai,general,-0.01890810793333668,0.5649171029284237,Cohen's d,False
author_gender,reddit,openai,popular,0.02364104980520392,0.1334117254741645,Cramér's V,False
author_political_leaning,reddit,openai,popular,0.023692335138168194,0.1320187599887395,Cramér's V,False
author_is_minority,reddit,openai,popular,0.003172995607484077,0.7679653021727506,Cramér's V,False
text_length,reddit,openai,popular,0.20751864690555905,1.159481889665781e-06,Cohen's d,True
avg_word_length,reddit,openai,popular,0.0834177667470888,0.00580851262179974,Cohen's d,True
sentiment_polarity,reddit,openai,popular,-0.03241424290879865,0.3795036746316507,Cohen's d,False
sentiment_subjectivity,reddit,openai,popular,0.07035063018873547,0.02101776246473061,Cohen's d,True
has_emoji,reddit,openai,popular,0.013745156658762712,0.1692816501661321,Cramér's V,False
has_hashtag,reddit,openai,popular,0.00376036929718898,0.7068894415125779,Cramér's V,False
has_mention,reddit,openai,popular,0.005504675848895143,0.5819987040945843,Cramér's V,False
has_url,reddit,openai,popular,0.00290602841602676,0.771355086547853,Cramér's V,False
polarization_score,reddit,openai,popular,0.30028549882545064,3.4779414426566843e-15,Cohen's d,True
controversy_level,reddit,openai,popular,0.06370837133529647,1.5364628837984242e-09,Cramér's V,True
primary_topic,reddit,openai,popular,0.06166394468351144,1.7256386567829324e-05,Cramér's V,True
toxicity,reddit,openai,popular,0.041236616039389634,0.22704116145361444,Cohen's d,False
severe_toxicity,reddit,openai,popular,0.05588527957801438,0.14276273358644517,Cohen's d,False
author_gender,reddit,openai,engaging,0.02727263969367489,0.05917390523320388,Cramér's V,False
author_political_leaning,reddit,openai,engaging,0.019405232109402315,0.28790929006663896,Cramér's V,False
author_is_minority,reddit,openai,engaging,0.00897309481856988,0.4040820498554635,Cramér's V,False
text_length,reddit,openai,engaging,0.1541802534955103,1.706357389799596e-06,Cohen's d,True
avg_word_length,reddit,openai,engaging,0.09788900596357696,0.0016554783571068126,Cohen's d,True
sentiment_polarity,reddit,openai,engaging,-0.09167580408858472,0.011642345381708353,Cohen's d,True
sentiment_subjectivity,reddit,openai,engaging,0.07118180155597804,0.020310773247498873,Cohen's d,True
has_emoji,reddit,openai,engaging,0.006872578329381356,0.4919202658902311,Cramér's V,False
has_hashtag,reddit,openai,engaging,0.010597404382987126,0.2892627003822194,Cramér's V,False
has_mention,reddit,openai,engaging,0.0023591467923836313,0.8134988773292544,Cramér's V,False
has_url,reddit,openai,engaging,0.0007265071040066778,0.9420840722402457,Cramér's V,False
polarization_score,reddit,openai,engaging,0.2696070001978039,9.445864728183989e-13,Cohen's d,True
controversy_level,reddit,openai,engaging,0.05777708928842886,5.639077626511583e-08,Cramér's V,True
primary_topic,reddit,openai,engaging,0.057673352677936364,0.00012021769542996694,Cramér's V,True
toxicity,reddit,openai,engaging,0.0785543708281211,0.022936216835827757,Cohen's d,True
severe_toxicity,reddit,openai,engaging,0.09443274732669182,0.01986590238575079,Cohen's d,True
author_gender,reddit,openai,informative,0.03377291151609631,0.009720931926573795,Cramér's V,True
author_political_leaning,reddit,openai,informative,0.060723233481153036,4.894780044622785e-08,Cramér's V,True
author_is_minority,reddit,openai,informative,0.01699280894099861,0.11409378370663403,Cramér's V,False
text_length,reddit,openai,informative,0.7221624653071917,4.894226726095585e-28,Cohen's d,True
avg_word_length,reddit,openai,informative,0.22413668122778227,2.044976204912923e-15,Cohen's d,True
sentiment_polarity,reddit,openai,informative,0.03428114473093943,0.3802932119895366,Cohen's d,False
sentiment_subjectivity,reddit,openai,informative,-0.06028089526508207,0.021935874383398845,Cohen's d,True
has_emoji,reddit,openai,informative,0.010308867494072034,0.30259393108936294,Cramér's V,False
has_hashtag,reddit,openai,informative,0.013332218417306387,0.18245901366223438,Cramér's V,False
has_mention,reddit,openai,informative,0.021232321131452694,0.03373440622095783,Cramér's V,True
has_url,reddit,openai,informative,0.07010793553664536,2.3697018094878143e-12,Cramér's V,True
polarization_score,reddit,openai,informative,0.3858053692788819,1.0461481495925247e-21,Cohen's d,True
controversy_level,reddit,openai,informative,0.09393677114712815,6.897210069901703e-20,Cramér's V,True
primary_topic,reddit,openai,informative,0.0594505025648146,5.1814442550433456e-05,Cramér's V,True
toxicity,reddit,openai,informative,-0.22627507611987063,4.2802772266813165e-15,Cohen's d,True
severe_toxicity,reddit,openai,informative,-0.08380575311766426,0.005493980394299616,Cohen's d,True
author_gender,reddit,openai,controversial,0.03818996148887293,0.0022082170038717984,Cramér's V,True
author_political_leaning,reddit,openai,controversial,0.037951737120093886,0.0024045082029889803,Cramér's V,True
author_is_minority,reddit,openai,controversial,0.0018696565037659317,0.8619850015305043,Cramér's V,False
text_length,reddit,openai,controversial,0.4346569426767761,2.547582397698917e-16,Cohen's d,True
avg_word_length,reddit,openai,controversial,0.13678250236947537,3.276805921469104e-07,Cohen's d,True
sentiment_polarity,reddit,openai,controversial,-0.07609296874878166,0.044689760531876725,Cohen's d,True
sentiment_subjectivity,reddit,openai,controversial,0.038674256622630666,0.161519475469292,Cohen's d,False
has_emoji,reddit,openai,controversial,0.010308867494072034,0.30259393108936294,Cramér's V,False
has_hashtag,reddit,openai,controversial,0.0,1.0,Cramér's V,False
has_mention,reddit,openai,controversial,0.013368498490173917,0.1812716537718541,Cramér's V,False
has_url,reddit,openai,controversial,0.004722296176043479,0.6367629014879472,Cramér's V,False
polarization_score,reddit,openai,controversial,0.41758112709889633,2.670801384677669e-24,Cohen's d,True
controversy_level,reddit,openai,controversial,0.09912461417051101,4.610915252355948e-22,Cramér's V,True
primary_topic,reddit,openai,controversial,0.07357292067274478,1.7835867450197296e-08,Cramér's V,True
toxicity,reddit,openai,controversial,-0.041697591477183216,0.1934666939984534,Cohen's d,False
severe_toxicity,reddit,openai,controversial,-0.01887287707182298,0.5492532980754159,Cohen's d,False
author_gender,reddit,openai,neutral,0.03056717710680139,0.025055620021733484,Cramér's V,True
author_political_leaning,reddit,openai,neutral,0.03169699858462337,0.018170837584195833,Cramér's V,True
author_is_minority,reddit,openai,neutral,0.00016527447062977143,0.9877387045461614,Cramér's V,False
text_length,reddit,openai,neutral,0.36517720754839605,1.098691536297502e-22,Cohen's d,True
avg_word_length,reddit,openai,neutral,0.1439107097136699,3.5905882127945914e-07,Cohen's d,True
sentiment_polarity,reddit,openai,neutral,-0.08194503827969087,0.034348216969719556,Cohen's d,True
sentiment_subjectivity,reddit,openai,neutral,0.1153275527882106,3.067729316779162e-05,Cohen's d,True
has_emoji,reddit,openai,neutral,0.003436289164690678,0.7311253753463067,Cramér's V,False
has_hashtag,reddit,openai,neutral,0.006495183331508241,0.5160034004673354,Cramér's V,False
has_mention,reddit,openai,neutral,0.0,1.0,Cramér's V,False
has_url,reddit,openai,neutral,0.0007265071040066778,0.9420840722402457,Cramér's V,False
polarization_score,reddit,openai,neutral,0.5544980637781421,4.3597137797033304e-38,Cohen's d,True
controversy_level,reddit,openai,neutral,0.1327605871922152,5.3331980555142824e-39,Cramér's V,True
primary_topic,reddit,openai,neutral,0.10248580499093264,1.5032469317348388e-18,Cramér's V,True
toxicity,reddit,openai,neutral,0.07792791713151716,0.025213109125448836,Cohen's d,True
severe_toxicity,reddit,openai,neutral,0.11848194634157143,0.004414993282793215,Cohen's d,True
author_gender,reddit,anthropic,general,0.027223710787729064,0.05988175899472749,Cramér's V,False
author_political_leaning,reddit,anthropic,general,0.05673058220277678,4.787344901454938e-07,Cramér's V,True
author_is_minority,reddit,anthropic,general,0.003467743627071651,0.7471161879869808,Cramér's V,False
text_length,reddit,anthropic,general,0.6901395172089425,3.648346987724025e-41,Cohen's d,True
avg_word_length,reddit,anthropic,general,0.19597570113121415,7.317703705298921e-15,Cohen's d,True
sentiment_polarity,reddit,anthropic,general,0.11027309852774218,0.004240028830405735,Cohen's d,True
sentiment_subjectivity,reddit,anthropic,general,-0.16554826120404256,6.5087311850181594e-12,Cohen's d,True
has_emoji,reddit,anthropic,general,0.010083662487325526,0.3132786696584302,Cramér's V,False
has_hashtag,reddit,anthropic,general,0.020504905221300065,0.04031658774238396,Cramér's V,True
has_mention,reddit,anthropic,general,0.05298978408977561,1.1645240241380787e-07,Cramér's V,True
has_url,reddit,anthropic,general,0.13101901761054946,3.2110950871572857e-39,Cramér's V,True
polarization_score,reddit,anthropic,general,0.3360285313057565,4.380960420062405e-18,Cohen's d,True
controversy_level,reddit,anthropic,general,0.0774980688977033,9.08330295063013e-14,Cramér's V,True
primary_topic,reddit,anthropic,general,0.06043565977606144,3.198624519995376e-05,Cramér's V,True
toxicity,reddit,anthropic,general,-0.3209815553600241,2.620754288396637e-34,Cohen's d,True
severe_toxicity,reddit,anthropic,general,-0.17594860237687426,3.5205090201265276e-25,Cohen's d,True
author_gender,reddit,anthropic,popular,0.02099453000167499,0.22067221139932575,Cramér's V,False
author_political_leaning,reddit,anthropic,popular,0.03266505218137949,0.013650587339448945,Cramér's V,True
author_is_minority,reddit,anthropic,popular,0.027373314766718233,0.010919116670150475,Cramér's V,True
text_length,reddit,anthropic,popular,-0.08042216002459991,0.0015789082037949902,Cohen's d,True
avg_word_length,reddit,anthropic,popular,-0.015973510786011936,0.5804538121398963,Cohen's d,False
sentiment_polarity,reddit,anthropic,popular,-0.01399179657487547,0.6794821910161619,Cohen's d,False
sentiment_subjectivity,reddit,anthropic,popular,-0.00842912745583766,0.7957965730769982,Cohen's d,False
has_emoji,reddit,anthropic,popular,0.0038832090604862925,0.6977785680028861,Cramér's V,False
has_hashtag,reddit,anthropic,popular,0.0035237486501272872,0.7245571494976836,Cramér's V,False
has_mention,reddit,anthropic,popular,0.0,1.0,Cramér's V,False
has_url,reddit,anthropic,popular,0.0017287679677593598,0.8627482705171694,Cramér's V,False
polarization_score,reddit,anthropic,popular,0.12693756914878343,0.00043030316408815603,Cohen's d,True
controversy_level,reddit,anthropic,popular,0.02121820310986525,0.10528748518427863,Cramér's V,False
primary_topic,reddit,anthropic,popular,0.0474878046835272,0.0072876784339585355,Cramér's V,True
toxicity,reddit,anthropic,popular,0.22199243872661523,5.1402200412512505e-09,Cohen's d,True
severe_toxicity,reddit,anthropic,popular,0.2051787946288355,2.821355467493025e-06,Cohen's d,True
author_gender,reddit,anthropic,engaging,0.03169331695613731,0.018190270660126833,Cramér's V,True
author_political_leaning,reddit,anthropic,engaging,0.0371862210477856,0.003148651411660523,Cramér's V,True
author_is_minority,reddit,anthropic,engaging,0.025073159726194963,0.01973230842528975,Cramér's V,True
text_length,reddit,anthropic,engaging,0.13663836843845972,1.1072292554194622e-06,Cohen's d,True
avg_word_length,reddit,anthropic,engaging,0.09178673073970925,0.00046402629491313236,Cohen's d,True
sentiment_polarity,reddit,anthropic,engaging,-0.20392229068182102,3.678619772372574e-08,Cohen's d,True
sentiment_subjectivity,reddit,anthropic,engaging,0.15064793648257402,7.726472895904458e-07,Cohen's d,True
has_emoji,reddit,anthropic,engaging,0.006575457039143942,0.5108300936157618,Cramér's V,False
has_hashtag,reddit,anthropic,engaging,0.0,1.0,Cramér's V,False
has_mention,reddit,anthropic,engaging,0.010126584642304306,0.3112233239022377,Cramér's V,False
has_url,reddit,anthropic,engaging,0.00921506715365557,0.356785936820747,Cramér's V,False
polarization_score,reddit,anthropic,engaging,0.4211045753099315,7.345559946136365e-26,Cohen's d,True
controversy_level,reddit,anthropic,engaging,0.08143759602711724,3.968412582774095e-15,Cramér's V,True
primary_topic,reddit,anthropic,engaging,0.08444862126516714,8.40202754935534e-12,Cramér's V,True
toxicity,reddit,anthropic,engaging,0.4195649826369981,9.660884827157052e-25,Cohen's d,True
severe_toxicity,reddit,anthropic,engaging,0.4169733892127269,3.022244213323291e-14,Cohen's d,True
author_gender,reddit,anthropic,informative,0.037878881695167704,0.0024676613824572667,Cramér's V,True
author_political_leaning,reddit,anthropic,informative,0.08089083668331258,4.052058388434096e-14,Cramér's V,True
author_is_minority,reddit,anthropic,informative,0.03375084085151041,0.0016994025965370943,Cramér's V,True
text_length,reddit,anthropic,informative,1.191426155390409,1.3229825708557056e-58,Cohen's d,True
avg_word_length,reddit,anthropic,informative,0.3379419600957368,1.1788903837555577e-42,Cohen's d,True
sentiment_polarity,reddit,anthropic,informative,0.09924000469396319,0.011622957990261805,Cohen's d,True
sentiment_subjectivity,reddit,anthropic,informative,-0.2721266715718459,1.0392682503360527e-34,Cohen's d,True
has_emoji,reddit,anthropic,informative,0.023701193085757927,0.017782345999547054,Cramér's V,True
has_hashtag,reddit,anthropic,informative,0.04838849951169486,1.3059259011793619e-06,Cramér's V,True
has_mention,reddit,anthropic,informative,0.0,1.0,Cramér's V,False
has_url,reddit,anthropic,informative,0.207006234791853,3.419185186067222e-95,Cramér's V,True
polarization_score,reddit,anthropic,informative,0.3953621960331727,7.78697198632318e-22,Cohen's d,True
controversy_level,reddit,anthropic,informative,0.09940422956167154,3.493373094318926e-22,Cramér's V,True
primary_topic,reddit,anthropic,informative,0.08293098216541968,2.6454118890233946e-11,Cramér's V,True
toxicity,reddit,anthropic,informative,-0.45415020472440965,9.10556982639169e-91,Cohen's d,True
severe_toxicity,reddit,anthropic,informative,-0.1925758630060492,1.0623015980990426e-25,Cohen's d,True
author_gender,reddit,anthropic,controversial,0.026910868081116333,0.06457311202879044,Cramér's V,False
author_political_leaning,reddit,anthropic,controversial,0.11351905975175162,9.494986442354039e-28,Cramér's V,True
author_is_minority,reddit,anthropic,controversial,0.010832536794995424,0.31381407986416987,Cramér's V,False
text_length,reddit,anthropic,controversial,0.6955315853631986,2.8540788371794133e-33,Cohen's d,True
avg_word_length,reddit,anthropic,controversial,0.1966374552037999,8.179502031225499e-19,Cohen's d,True
sentiment_polarity,reddit,anthropic,controversial,0.03523963959907843,0.3683792774617429,Cohen's d,False
sentiment_subjectivity,reddit,anthropic,controversial,-0.030527986608679728,0.175180927700035,Cohen's d,False
has_emoji,reddit,anthropic,controversial,0.01713139482017774,0.08668688197859914,Cramér's V,False
has_hashtag,reddit,anthropic,controversial,0.0,1.0,Cramér's V,False
has_mention,reddit,anthropic,controversial,0.010203735963885388,0.30755131122300366,Cramér's V,False
has_url,reddit,anthropic,controversial,0.004236035116102269,0.6718549938979054,Cramér's V,False
polarization_score,reddit,anthropic,controversial,0.5775757884730897,1.413193539427704e-39,Cohen's d,True
controversy_level,reddit,anthropic,controversial,0.14504576580162962,2.0699892061019033e-46,Cramér's V,True
primary_topic,reddit,anthropic,controversial,0.08772368369151226,6.491898892161899e-13,Cramér's V,True
toxicity,reddit,anthropic,controversial,-0.2751001674465488,4.270503094986275e-25,Cohen's d,True
severe_toxicity,reddit,anthropic,controversial,-0.17706209524867983,2.481121587823221e-27,Cohen's d,True
author_gender,reddit,anthropic,neutral,0.02842678105387454,0.044370622389125564,Cramér's V,True
author_political_leaning,reddit,anthropic,neutral,0.06583298385072017,2.0842827580052797e-09,Cramér's V,True
author_is_minority,reddit,anthropic,neutral,0.015437712246907263,0.15115656523889467,Cramér's V,False
text_length,reddit,anthropic,neutral,0.7904649414792196,2.209690533783226e-49,Cohen's d,True
avg_word_length,reddit,anthropic,neutral,0.24381427742728062,2.29443200712e-23,Cohen's d,True
sentiment_polarity,reddit,anthropic,neutral,0.019378844020575128,0.612835450545649,Cohen's d,False
sentiment_subjectivity,reddit,anthropic,neutral,-0.11606014996112052,1.0917749944999824e-06,Cohen's d,True
has_emoji,reddit,anthropic,neutral,0.016955678612835735,0.0899677485160386,Cramér's V,False
has_hashtag,reddit,anthropic,neutral,0.020547059528271773,0.0399074146352264,Cramér's V,True
has_mention,reddit,anthropic,neutral,0.03723677477183128,0.00019634172354863647,Cramér's V,True
has_url,reddit,anthropic,neutral,0.10014052830521193,1.3222232061187643e-23,Cramér's V,True
polarization_score,reddit,anthropic,neutral,0.5607519812012398,2.5306945411712293e-41,Cohen's d,True
controversy_level,reddit,anthropic,neutral,0.12224546736805773,3.5449945004510364e-33,Cramér's V,True
primary_topic,reddit,anthropic,neutral,0.10486331791007808,1.4960113533382456e-19,Cramér's V,True
toxicity,reddit,anthropic,neutral,-0.2849129047105388,2.324084997161842e-25,Cohen's d,True
severe_toxicity,reddit,anthropic,neutral,-0.13106661581534754,5.126431575788496e-09,Cohen's d,True
author_gender,reddit,gemini,general,0.0437131606278358,0.00025964481626142977,Cramér's V,True
author_political_leaning,reddit,gemini,general,0.053333528788211314,2.929519424227667e-06,Cramér's V,True
author_is_minority,reddit,gemini,general,0.010044003485300646,0.35033984265514295,Cramér's V,False
text_length,reddit,gemini,general,0.6029505582536384,8.862994753421885e-35,Cohen's d,True
avg_word_length,reddit,gemini,general,0.2552094481272551,1.126193268279128e-18,Cohen's d,True
sentiment_polarity,reddit,gemini,general,0.01690772616172628,0.6609559677759073,Cohen's d,False
sentiment_subjectivity,reddit,gemini,general,-0.06742324997298205,0.009378844196782116,Cohen's d,True
has_emoji,reddit,gemini,general,0.017342899531391613,0.08286664921237945,Cramér's V,False
has_hashtag,reddit,gemini,general,0.023761343282252448,0.01749509250654708,Cramér's V,True
has_mention,reddit,gemini,general,0.029204755099390498,0.003494976651701724,Cramér's V,True
has_url,reddit,gemini,general,0.16692083883951403,1.4965466681705584e-62,Cramér's V,True
polarization_score,reddit,gemini,general,0.2952499277986554,1.958169049415747e-15,Cohen's d,True
controversy_level,reddit,gemini,general,0.0592685430506819,2.3557985739337433e-08,Cramér's V,True
primary_topic,reddit,gemini,general,0.07785533238297891,1.0205472523001735e-09,Cramér's V,True
toxicity,reddit,gemini,general,-0.22986620708100278,2.5351175778933924e-15,Cohen's d,True
severe_toxicity,reddit,gemini,general,-0.10225393658763429,4.209609106139126e-05,Cohen's d,True
author_gender,reddit,gemini,popular,0.022831550208492188,0.15686201376518705,Cramér's V,False
author_political_leaning,reddit,gemini,popular,0.029451425221702045,0.033956508171733416,Cramér's V,True
author_is_minority,reddit,gemini,popular,0.005645243371451353,0.5996411876321368,Cramér's V,False
text_length,reddit,gemini,popular,0.10959809166313221,0.0007403291318782815,Cohen's d,True
avg_word_length,reddit,gemini,popular,0.1449732448095349,1.03857515532768e-05,Cohen's d,True
sentiment_polarity,reddit,gemini,popular,-0.1951507667867393,1.4013845322961166e-07,Cohen's d,True
sentiment_subjectivity,reddit,gemini,popular,0.12395211927405878,0.00020171808593397303,Cohen's d,True
has_emoji,reddit,gemini,popular,0.004405708463456385,0.6595237125139878,Cramér's V,False
has_hashtag,reddit,gemini,popular,0.014432488500523363,0.1489503829838124,Cramér's V,False
has_mention,reddit,gemini,popular,0.013940018870725638,0.1633170347960045,Cramér's V,False
has_url,reddit,gemini,popular,0.034170590016081304,0.0006330155901485572,Cramér's V,True
polarization_score,reddit,gemini,popular,0.23672679546146497,1.25662266388703e-10,Cohen's d,True
controversy_level,reddit,gemini,popular,0.05441657548462287,3.714623078208852e-07,Cramér's V,True
primary_topic,reddit,gemini,popular,0.0282881505472851,0.5339250673354397,Cramér's V,False
toxicity,reddit,gemini,popular,0.3525802160407969,6.264557641916707e-18,Cohen's d,True
severe_toxicity,reddit,gemini,popular,0.4684839509030918,8.08070831325947e-16,Cohen's d,True
author_gender,reddit,gemini,engaging,0.04159507202253515,0.0006126698382082547,Cramér's V,True
author_political_leaning,reddit,gemini,engaging,0.03707882895108411,0.0032684249336913866,Cramér's V,True
author_is_minority,reddit,gemini,engaging,0.009744754054264082,0.364880310883695,Cramér's V,False
text_length,reddit,gemini,engaging,0.21816940510465635,5.719434147632092e-12,Cohen's d,True
avg_word_length,reddit,gemini,engaging,0.12900557402361276,1.9808206463124254e-06,Cohen's d,True
sentiment_polarity,reddit,gemini,engaging,-0.24437029275163688,1.1585197467423128e-10,Cohen's d,True
sentiment_subjectivity,reddit,gemini,engaging,0.12458696945821335,3.665809839429839e-05,Cohen's d,True
has_emoji,reddit,gemini,engaging,0.01217828989870654,0.2232889653556247,Cramér's V,False
has_hashtag,reddit,gemini,engaging,0.015278816062462982,0.12654193585143209,Cramér's V,False
has_mention,reddit,gemini,engaging,0.0017032969465785384,0.8647508595037026,Cramér's V,False
has_url,reddit,gemini,engaging,0.011720518317848459,0.24117624706344953,Cramér's V,False
polarization_score,reddit,gemini,engaging,0.39868521034572846,1.228215431420007e-22,Cohen's d,True
controversy_level,reddit,gemini,engaging,0.08506345053780374,1.939457705823293e-16,Cramér's V,True
primary_topic,reddit,gemini,engaging,0.06118928455990875,2.1949151255951333e-05,Cramér's V,True
toxicity,reddit,gemini,engaging,0.40842540536268007,9.547999011370345e-23,Cohen's d,True
severe_toxicity,reddit,gemini,engaging,0.4699818539579793,9.14729756208748e-15,Cohen's d,True
author_gender,reddit,gemini,informative,0.03568954124375893,0.00524023720117441,Cramér's V,True
author_political_leaning,reddit,gemini,informative,0.0790022336382335,1.7924708545054104e-13,Cramér's V,True
author_is_minority,reddit,gemini,informative,0.030897340129883703,0.004066530073756041,Cramér's V,True
text_length,reddit,gemini,informative,1.2340315915663933,3.0152513962238723e-64,Cohen's d,True
avg_word_length,reddit,gemini,informative,0.3511197095344418,8.817265672598336e-40,Cohen's d,True
sentiment_polarity,reddit,gemini,informative,0.06129809227060411,0.12382370852728763,Cohen's d,False
sentiment_subjectivity,reddit,gemini,informative,-0.2621343937512097,7.713192381745814e-33,Cohen's d,True
has_emoji,reddit,gemini,informative,0.020547225623716494,0.039905809415247545,Cramér's V,True
has_hashtag,reddit,gemini,informative,0.027140967597077043,0.006645675219702342,Cramér's V,True
has_mention,reddit,gemini,informative,0.03705188509943268,0.00021123357448817103,Cramér's V,True
has_url,reddit,gemini,informative,0.2431680982883764,1.3018660521282423e-130,Cramér's V,True
polarization_score,reddit,gemini,informative,0.3634435332918006,1.9562236545058052e-20,Cohen's d,True
controversy_level,reddit,gemini,informative,0.08756897916132929,2.230701308420937e-17,Cramér's V,True
primary_topic,reddit,gemini,informative,0.08507617164237562,5.1907200318228595e-12,Cramér's V,True
toxicity,reddit,gemini,informative,-0.45027123898507737,2.503642095575624e-90,Cohen's d,True
severe_toxicity,reddit,gemini,informative,-0.20501437459063102,4.5029942495666705e-39,Cohen's d,True
author_gender,reddit,gemini,controversial,0.033795554644151946,0.009652408007138194,Cramér's V,True
author_political_leaning,reddit,gemini,controversial,0.045284540902470694,0.00013325505823518144,Cramér's V,True
author_is_minority,reddit,gemini,controversial,0.0006599082699995957,0.9510718510571685,Cramér's V,False
text_length,reddit,gemini,controversial,0.6410005103388879,9.432996198492534e-42,Cohen's d,True
avg_word_length,reddit,gemini,controversial,0.22242079036259424,8.737281033819089e-22,Cohen's d,True
sentiment_polarity,reddit,gemini,controversial,-0.17084563490352242,1.670720953242401e-05,Cohen's d,True
sentiment_subjectivity,reddit,gemini,controversial,0.026060059334464803,0.26965030259393896,Cohen's d,False
has_emoji,reddit,gemini,controversial,0.020476584795168028,0.04059347490363551,Cramér's V,True
has_hashtag,reddit,gemini,controversial,0.01699305203463316,0.08926169266592256,Cramér's V,False
has_mention,reddit,gemini,controversial,0.005604581905073993,0.5751669499149272,Cramér's V,False
has_url,reddit,gemini,controversial,0.01968536869753199,0.04900629821248506,Cramér's V,True
polarization_score,reddit,gemini,controversial,0.5671612691235965,9.607707657373247e-41,Cohen's d,True
controversy_level,reddit,gemini,controversial,0.12987460802511472,2.3598059530986793e-37,Cramér's V,True
primary_topic,reddit,gemini,controversial,0.0806694991637982,1.3946363252156796e-10,Cramér's V,True
toxicity,reddit,gemini,controversial,-0.07542291322004785,0.017600646665392128,Cohen's d,True
severe_toxicity,reddit,gemini,controversial,0.0005667795989563726,0.9862230306136943,Cohen's d,False
author_gender,reddit,gemini,neutral,0.024011758628939835,0.12358574162923743,Cramér's V,False
author_political_leaning,reddit,gemini,neutral,0.031556062023002485,0.01892784053277236,Cramér's V,True
author_is_minority,reddit,gemini,neutral,0.002137747113756583,0.842437971518556,Cramér's V,False
text_length,reddit,gemini,neutral,0.5660217840141024,5.655671079561834e-55,Cohen's d,True
avg_word_length,reddit,gemini,neutral,0.2446756397794424,1.0163501527592016e-22,Cohen's d,True
sentiment_polarity,reddit,gemini,neutral,-0.17539137796021464,8.373091780259026e-06,Cohen's d,True
sentiment_subjectivity,reddit,gemini,neutral,0.022483341422334418,0.34761138264161173,Cohen's d,False
has_emoji,reddit,gemini,neutral,0.010224580246315593,0.306564169717099,Cramér's V,False
has_hashtag,reddit,gemini,neutral,0.027140967597077043,0.006645675219702342,Cramér's V,True
has_mention,reddit,gemini,neutral,0.0055545542885067824,0.5785831885097584,Cramér's V,False
has_url,reddit,gemini,neutral,0.03583684362885502,0.0003387814436254821,Cramér's V,True
polarization_score,reddit,gemini,neutral,0.5952566145556799,1.2590263230116736e-46,Cohen's d,True
controversy_level,reddit,gemini,neutral,0.12331080856037538,9.584197253752836e-34,Cramér's V,True
primary_topic,reddit,gemini,neutral,0.12672707653256812,5.5799741644672914e-30,Cramér's V,True
toxicity,reddit,gemini,neutral,0.018195079741620455,0.5878261156944851,Cohen's d,False
severe_toxicity,reddit,gemini,neutral,0.09110318734230125,0.01890645657332809,Cohen's d,True
